{"fair_gap Task0": 2.9091308045166215, "_timestamp": 1713447024.575823, "_runtime": 45458.97127318382, "_step": 7999, "Group0Task0AvgR": 75.09462761079732, "fair_gap Task1": 15.647422451033435, "Group0Task1AvgR": 186.1495057777716, "fair_gap Task2": 21.450700849625775, "Group0Task2AvgR": 124.6979538405542, "fair_gap Task3": 320.1408022129133, "Group0Task3AvgR": 24.788116735823586, "Group1Task0AvgR": 89.06768138417803, "Group1Task1AvgR": 199.55880455187165, "Group1Task2AvgR": 148.6395662094477, "Group1Task3AvgR": 156.1765229549606, "_wandb": {"runtime": 45458}}