{"fair_gap Task0": 14.413492687478481, "_timestamp": 1713402505.164141, "_runtime": 939.5595910549164, "_step": 968, "Group0Task0AvgR": 8.92696546532887, "fair_gap Task1": 431.38462919533094, "Group0Task1AvgR": 39.1902304799274, "fair_gap Task2": 45.83056537224664, "Group0Task2AvgR": 24.4686674940095, "fair_gap Task3": 7.731460669479276, "Group0Task3AvgR": -28.907033321788923, "Group1Task0AvgR": 0.047079508168054646, "Group1Task1AvgR": 94.29276321257558, "Group1Task2AvgR": 80.18155747564919, "Group1Task3AvgR": 74.82819379554562}