{"fair_gap Task0": 18.303003562229833, "_timestamp": 1713405337.4362729, "_runtime": 3771.831722974777, "_step": 3425, "Group0Task0AvgR": 84.84112235248098, "fair_gap Task1": 16.83010149911965, "Group0Task1AvgR": 188.1820800109039, "fair_gap Task2": 12.80145136255328, "Group0Task2AvgR": 141.35360941860876, "fair_gap Task3": 72.58021658915895, "Group0Task3AvgR": 81.99926383240518, "Group1Task0AvgR": 121.14318222503908, "Group1Task1AvgR": 203.70731108310528, "Group1Task2AvgR": 151.38316052049683, "Group1Task3AvgR": 165.03179380831682}