{"fair_gap Task0": 26.78311718907571, "_timestamp": 1712500837.0782661, "_runtime": 194.54704117774963, "_step": 307, "Group0Task0AvgR": -325.4633673850037, "fair_gap Task1": 82.94235356388008, "Group0Task1AvgR": -100.52165866889835, "Group1Task0AvgR": -214.84188013263065, "Group1Task1AvgR": -59.40148884921088}