{"AvgR": 5358.472578518737, "AvgR2": 5013.31604899061, "_timestamp": 1711511159.4490829, "_runtime": 12812.57235789299, "_step": 8678}