{"fair_gap Task0": 1.7694149660064795, "_timestamp": 1712859368.397216, "_runtime": 29295.873910188675, "_step": 3895, "Group0Task0AvgR": 4144.092178397575, "fair_gap Task1": 52.139739217151146, "Group0Task1AvgR": 1059.566697660644, "Group1Task0AvgR": 4036.6894404925733, "Group1Task1AvgR": 1087.8118798878988, "_wandb": {"runtime": 29295}}