{"Group0Task0AvgR": 3137.4302657150024, "_timestamp": 1712262976.248184, "_runtime": 3921.254325866699, "_step": 3189, "Group0Task1AvgR": 1870.7330990356775, "Group1Task0AvgR": 3076.8860109366105, "Group1Task1AvgR": 1891.2797848373648}