{"fair_gap Task0": 42.63350171340312, "_timestamp": 1714560937.483522, "_runtime": 137665.74383997917, "_step": 30549, "Group0Task0AvgR": 3136.1819800622447, "fair_gap Task1": 42.63350171340312, "Group0Task1AvgR": 3278.2813520689247, "fair_gap Task2": 42.63350171340312, "Group0Task2AvgR": 350.3009022636657, "fair_gap Task3": 18.102171657888675, "Group0Task3AvgR": 864.8334864848741, "Group1Task0AvgR": 3336.5736187133866, "Group1Task1AvgR": 3782.4926188082177, "Group1Task2AvgR": 410.80635145976544, "Group1Task3AvgR": 996.2079620236882}