{"fair_gap Task0": 43.70520811515212, "_timestamp": 1714585984.036344, "_runtime": 162712.2966620922, "_step": 38802, "Group0Task0AvgR": 3190.827215856539, "fair_gap Task1": 43.70520811515212, "Group0Task1AvgR": 3181.7568611248334, "fair_gap Task2": 52.69984824618837, "Group0Task2AvgR": 364.24159097787657, "fair_gap Task3": 52.69984824618837, "Group0Task3AvgR": 864.8258762266363, "Group1Task0AvgR": 3295.8109959487138, "Group1Task1AvgR": 3607.0561943262933, "Group1Task2AvgR": 464.9487100950237, "Group1Task3AvgR": 991.3169482788101}