{"fair_gap Task0": 207.28391679879292, "_timestamp": 1712519422.7873678, "_runtime": 13541.14753985405, "_step": 9510, "Group0Task0AvgR": 1241.5218050629137, "fair_gap Task1": 45.24063684522207, "Group0Task1AvgR": 1202.1212946989158, "Group1Task0AvgR": 1681.7119070149763, "Group1Task1AvgR": 1270.983478953457}