{"Group0Task0AvgR": 106.08100158452604, "_timestamp": 1712321195.3765602, "_runtime": 1845.8502452373505, "_step": 2497, "Group0Task1AvgR": -243.76060999495658, "Group1Task0AvgR": 130.22637572954727, "Group1Task1AvgR": -197.24988449380146}