{"fair_gap Task0": 395.8150654261699, "_timestamp": 1712830457.6084669, "_runtime": 15280.308803796768, "_step": 2999, "Group0Task1AvgR": -4938.693056727043, "fair_gap Task1": 1353.2988724789611, "Group1Task1AvgR": -3703.6527733183466, "_wandb": {"runtime": 15279}}