{"fair_gap Task0": 998.6085378993536, "_timestamp": 1712859337.7699509, "_runtime": 3829.0381128787994, "_step": 328, "Group0Task0AvgR": 705.4858979742229, "fair_gap Task1": 158.73632141185112, "Group0Task1AvgR": 59.04325073911812, "Group1Task0AvgR": 617.1936484864829, "Group1Task1AvgR": -7.998036730940978, "_wandb": {"runtime": 3834}}