{"Group0AvgR": -47.65375728137417, "_timestamp": 1712174215.370545, "_runtime": 53.44288492202759, "_step": 76, "Group1AvgR": 64.28157777693467}