{"Group0AvgR": -1069.9462657949423, "_timestamp": 1712173795.2016482, "_runtime": 79.48116111755371, "_step": 131, "Group1AvgR": 654.5259558947702}