{"fair_gap Task0": 168.75277080245698, "_timestamp": 1714357595.819168, "_runtime": 53.424002170562744, "_step": 0, "_wandb": {"runtime": 52}}