{"Group0Task0AvgR": -1078.7733954478367, "_timestamp": 1712245806.3947341, "_runtime": 1157.6147792339325, "_step": 1372, "Group0Task1AvgR": -2633.2770297712727, "Group1Task0AvgR": -1079.0704645622664, "Group1Task1AvgR": -2609.4666577359017}