{"Group0AvgR": 1774.4050343634578, "_timestamp": 1712176355.406484, "_runtime": 1638.7213869094849, "_step": 1999, "Group1AvgR": 1955.2486319472382, "_wandb": {"runtime": 1638}}