{"fair_gap Task0": 143.04919928401796, "_timestamp": 1712830308.130966, "_runtime": 15505.882331848145, "_step": 2999, "Group0Task1AvgR": -4128.787774787031, "fair_gap Task1": 780.3685261706787, "Group1Task1AvgR": -4843.036560199514, "_wandb": {"runtime": 15507}}