{"fair_gap Task0": 1955.3038391846687, "_timestamp": 1712829863.045385, "_runtime": 31175.2770819664, "_step": 3999, "Group0Task0AvgR": 3798.5756208289913, "fair_gap Task1": 919.377830380565, "Group0Task1AvgR": 1132.3684139559596, "Group1Task0AvgR": 3394.239800657224, "Group1Task1AvgR": 1093.0610700301377, "_wandb": {"runtime": 31182}}