{"Group0Task0AvgR": -147.33604761497404, "_timestamp": 1712234432.6898282, "_runtime": 56.90687823295593, "_step": 36, "Group1Task0AvgR": -36.907540663675974}