{"fair_gap Task0": 18.838910090304125, "_timestamp": 1712518444.3459399, "_runtime": 9378.467016935349, "_step": 7999, "Group0Task0AvgR": 1969.653607591672, "fair_gap Task1": 201.03584196659438, "Group0Task1AvgR": 763.7758347225209, "Group1Task0AvgR": 1885.9569736897483, "Group1Task1AvgR": 838.2576927467998, "_wandb": {"runtime": 9378}}