{"Group0AvgR": -392.12978977661743, "_timestamp": 1712174402.6177962, "_runtime": 57.366114139556885, "_step": 199, "Group1AvgR": -64.4793950767502, "_wandb": {"runtime": 35}}