{"Group0Task0AvgR": 1133.7417311767872, "_timestamp": 1712355917.7032268, "_runtime": 901.6360468864441, "_step": 996, "Group0Task1AvgR": 1164.1419292731707, "Group1Task0AvgR": 1978.0735438977968, "Group1Task1AvgR": 2020.7511795713563}