{"fair_gap Task0": 77.2500812392845, "_timestamp": 1712892501.604933, "_runtime": 1109.8745210170746, "_step": 833, "Group0Task0AvgR": -236.70110184338805, "Group0Task1AvgR": -229.77673345528856, "Group0Task2AvgR": -242.43148890536887, "Group0Task3AvgR": -237.43977353902267, "fair_gap Task1": 455.99766660307864, "fair_gap Task2": 480.55644713179186, "fair_gap Task3": 278.8559622473744, "Group1Task0AvgR": -235.67292060786406, "Group1Task1AvgR": -241.47542635828611, "Group1Task2AvgR": -234.8018431880708, "Group1Task3AvgR": -236.79234285956957, "Group2Task0AvgR": -216.04925554061103, "Group2Task1AvgR": -210.70431799830962, "Group2Task2AvgR": -218.35875970090038, "Group2Task3AvgR": -209.17838696247588, "Group3Task0AvgR": -220.6360023205244, "Group3Task1AvgR": -220.12328673843305, "Group3Task2AvgR": -225.39574822482953, "Group3Task3AvgR": -222.05607538154976}