{"fair_gap Task0": 54.53146256342356, "_timestamp": 1712892095.5858, "_runtime": 703.8553879261017, "_step": 413, "Group0Task0AvgR": -259.036401627769, "Group0Task1AvgR": -244.74102826799034, "Group0Task2AvgR": -261.67771596347893, "Group0Task3AvgR": -256.02169669328083, "fair_gap Task1": 114.14673404399299, "fair_gap Task2": 158.49782251226753, "fair_gap Task3": 131.98775406418991, "Group1Task0AvgR": -259.92783746948686, "Group1Task1AvgR": -264.1071288729154, "Group1Task2AvgR": -260.5824725983028, "Group1Task3AvgR": -270.6343545726807, "Group2Task0AvgR": -225.42930464677676, "Group2Task1AvgR": -219.9370523238136, "Group2Task2AvgR": -230.56589372042973, "Group2Task3AvgR": -219.52171553506724, "Group3Task0AvgR": -253.64375271322626, "Group3Task1AvgR": -248.35193326305838, "Group3Task2AvgR": -268.8026877867601, "Group3Task3AvgR": -255.04408604485357}