{"fair_gap Task0": 66.59019943175267, "_timestamp": 1712893760.3670888, "_runtime": 2368.63667678833, "_step": 1993, "Group0Task0AvgR": -172.49171160803894, "Group0Task1AvgR": -170.79312359741084, "Group0Task2AvgR": -173.1002400867589, "Group0Task3AvgR": -171.51775224598407, "fair_gap Task1": 499.25656784515087, "fair_gap Task2": 620.6945231633708, "fair_gap Task3": 179.11883578963779, "Group1Task0AvgR": -224.78353330203308, "Group1Task1AvgR": -219.45944437253246, "Group1Task2AvgR": -213.87145712920758, "Group1Task3AvgR": -196.66555671734477, "Group2Task0AvgR": -138.99498953092515, "Group2Task1AvgR": -134.0733744875648, "Group2Task2AvgR": -139.24688757047238, "Group2Task3AvgR": -139.55467896189373, "Group3Task0AvgR": -150.72223958240255, "Group3Task1AvgR": -149.90751582772057, "Group3Task2AvgR": -149.32369842368647, "Group3Task3AvgR": -150.57088990180068}