{"fair_gap Task0": 36.56799904586187, "_timestamp": 1713028053.374631, "_runtime": 136661.64421892166, "_step": 47999, "Group0Task0AvgR": -114.82763155510726, "Group0Task1AvgR": -109.36494010596152, "Group0Task2AvgR": -108.01978147698777, "Group0Task3AvgR": -102.02358251355724, "fair_gap Task1": 154.18008629597867, "fair_gap Task2": 263.49227936256113, "fair_gap Task3": 210.00323239262187, "Group1Task0AvgR": -219.61650530416685, "Group1Task1AvgR": -226.58412766262217, "Group1Task2AvgR": -222.35185810383126, "Group1Task3AvgR": -225.91273720781635, "Group2Task0AvgR": -69.92890893787703, "Group2Task1AvgR": -80.00378116281777, "Group2Task2AvgR": -70.02398212334026, "Group2Task3AvgR": -76.48392221150358, "Group3Task0AvgR": -119.71959760466734, "Group3Task1AvgR": -118.63328455256045, "Group3Task2AvgR": -119.09916468623766, "Group3Task3AvgR": -119.0013277083704, "_wandb": {"runtime": 136661}}