{"Group0Task0AvgR": 364.07990548330434, "_timestamp": 1712283889.251136, "_runtime": 434.8864951133728, "_step": 354, "Group0Task1AvgR": 191.65952239010574, "Group1Task0AvgR": 371.9025090898729, "Group1Task1AvgR": 260.47670496364174}