{"fair_gap Task0": 168.98980546790608, "_timestamp": 1712892095.903531, "_runtime": 621.5709891319275, "_step": 281, "Group0Task0AvgR": -255.11666435620054, "Group0Task1AvgR": -223.24635649295837, "fair_gap Task1": 798.930723452653, "Group1Task0AvgR": -222.37739829992287, "Group1Task1AvgR": -242.29406112397655, "Group2Task0AvgR": -259.5727311901223, "Group2Task1AvgR": -226.35716439664634, "Group3Task0AvgR": -239.36361648183765, "Group3Task1AvgR": -236.43556857717877}