{"fair_gap Task0": 383.08676943974245, "_timestamp": 1712892500.540761, "_runtime": 1026.208219051361, "_step": 672, "Group0Task0AvgR": -262.6383967798114, "Group0Task1AvgR": -225.21818537216467, "fair_gap Task1": 1315.2367509780727, "Group1Task0AvgR": -238.0087265547241, "Group1Task1AvgR": -244.6585739038892, "Group2Task0AvgR": -198.1772763036471, "Group2Task1AvgR": -187.10192887038275, "Group3Task0AvgR": -287.37442223701305, "Group3Task1AvgR": -283.5878946776662}