{"fair_gap Task0": 521.2277476097661, "_timestamp": 1712959481.302439, "_runtime": 68006.96989703178, "_step": 14399, "Group0Task0AvgR": 413.0564176111786, "Group0Task1AvgR": 442.9586893472273, "fair_gap Task1": 3430.0926588627826, "Group1Task0AvgR": 321.4321509050709, "Group1Task1AvgR": 330.7042604136303, "Group2Task0AvgR": 928.9353459819034, "Group2Task1AvgR": 1047.587053047178, "Group3Task0AvgR": -172.94534845572264, "Group3Task1AvgR": -186.47234981842067, "_wandb": {"runtime": 68008}}