{"fair_gap Task0": 1082.2405354433465, "_timestamp": 1712893760.275278, "_runtime": 2285.9427361488342, "_step": 1754, "Group0Task0AvgR": 95.98175068689372, "Group0Task1AvgR": 158.61360999100566, "fair_gap Task1": 1758.9933563556808, "Group1Task0AvgR": -40.61541833073174, "Group1Task1AvgR": -23.018617956349395, "Group2Task0AvgR": 609.503910616388, "Group2Task1AvgR": 608.1612339178025, "Group3Task0AvgR": -254.01543942882668, "Group3Task1AvgR": -241.07257312427475}