{"fair_gap Task0": 1013.8870334180542, "_timestamp": 1712525715.479774, "_runtime": 1628.0250129699707, "_step": 1711, "Group0Task0AvgR": 2624.671441083358, "fair_gap Task1": 531.3999433278645, "Group0Task1AvgR": 1811.879852577821, "Group1Task0AvgR": 1658.0447313065492, "Group1Task1AvgR": 1862.266724585515}