{"Group0AvgR": -160.81851423804184, "_timestamp": 1712173977.157349, "_runtime": 27.17283606529236, "_step": 33, "Group1AvgR": -48.30439469715903}