{"fair_gap Task0": 4.915704063213411, "_timestamp": 1712778171.166657, "_runtime": 822.6736340522766, "_step": 707, "Group0Task0AvgR": -273.9145885495111, "Group0Task1AvgR": -249.70056126006696}