{"fair_gap Task0": 108.61679980022325, "_timestamp": 1712796907.008134, "_runtime": 14.710118770599365, "_step": 0}