{"Group0Task0AvgR": 79.60890228668615, "_timestamp": 1712519421.052744, "_runtime": 91969.23046684265, "_step": 30408, "Group0Task1AvgR": 311.1666299163601, "Group1Task0AvgR": 488.78011282952895, "Group1Task1AvgR": 567.7912184871694}