{"Group0Task1AvgR": -0.2748741677846194, "_timestamp": 1712238489.148056, "_runtime": 975.7346429824829, "_step": 852, "Group1Task1AvgR": -1.4996236171034667}