{"Group0AvgR": -205.02420156672187, "Group0AvgR2": -336.68699579990624, "_timestamp": 1711582492.800713, "_runtime": 13.058320999145508, "_step": 6}