{"Group0Task0AvgR": 3295.827864693552, "_timestamp": 1712380480.4583712, "_runtime": 7847.743293046951, "_step": 3999, "Group0Task1AvgR": 3295.7011855537444, "Group1Task0AvgR": 2674.085207979656, "Group1Task1AvgR": 2675.970437239268, "_wandb": {"runtime": 7847}}