{"Group0Task1AvgR": -1.205180579764327, "_timestamp": 1712330401.087117, "_runtime": 582.4572100639343, "_step": 686, "Group1Task1AvgR": -2.506364943791495, "_wandb": {"runtime": 582}}