{"fair_gap Task0": 80.4440853248143, "_timestamp": 1712815289.87796, "_runtime": 16214.804897069931, "_step": 2999, "Group0Task1AvgR": -2026.979777220033, "fair_gap Task1": 45.62346113167223, "Group1Task1AvgR": -3050.86960380746, "_wandb": {"runtime": 16217}}