{"fair_gap Task0": 204.80095137680726, "_timestamp": 1713365066.4488819, "_runtime": 9.12613296508789, "_step": 0, "_wandb": {"runtime": 8}}