{"Group0AvgR": 6594.949682860087, "Group0AvgR2": 6303.072066307557, "_timestamp": 1711715894.062944, "_runtime": 78989.16951704025, "_step": 21943, "Group1AvgR": 3849.656039062859, "Group1AvgR2": 3585.4268786548705}