{"fair_gap Task0": 166.01424793382085, "_timestamp": 1712434094.169284, "_runtime": 73.84996008872986, "_step": 141, "Group0Task0AvgR": -265.4871524876947, "fair_gap Task1": 97.25285375341865, "Group0Task1AvgR": -119.55604356541889, "Group1Task0AvgR": -176.92869056636633, "Group1Task1AvgR": -138.87741681906175}