{"fair_gap Task0": 422.43224526469794, "_timestamp": 1712546998.990783, "_runtime": 212.5430290699005, "_step": 310, "Group0Task0AvgR": 586.7380559253968, "Group0Task1AvgR": -1010.0555286598877, "fair_gap Task1": 271.7806949478295, "Group1Task0AvgR": 323.5251757595588, "Group1Task1AvgR": -754.8955833935692}