{"fair_gap Task0": 198.56337324268213, "_timestamp": 1712503843.1299672, "_runtime": 84.95556616783142, "_step": 102, "Group0Task0AvgR": -56.56527626262074, "fair_gap Task1": 609.9763665144117, "Group0Task1AvgR": -394.80333569997464, "Group1Task0AvgR": -377.7620993568107, "Group1Task1AvgR": 50.5423097560329}