{"fair_gap Task0": 85.93786160950191, "_timestamp": 1713365420.1710248, "_runtime": 151.56210088729858, "_step": 200, "Group0Task0AvgR": -310.3298411933741, "Group0Task1AvgR": -290.26832379468686, "Group0Task2AvgR": -309.4427177519162, "Group0Task3AvgR": -291.4188555135599, "fair_gap Task1": 287.04060008120854, "fair_gap Task2": 141.8546809126055, "fair_gap Task3": 304.5362463966548, "Group1Task0AvgR": -334.29960655267803, "Group1Task1AvgR": -360.249655792539, "Group1Task2AvgR": -379.8162954696666, "Group1Task3AvgR": -365.82414801338575}