{"Group0Task0AvgR": -1909.5412635908924, "_timestamp": 1712249124.233718, "_runtime": 3861.667018890381, "_step": 3999, "Group0Task1AvgR": -2903.436437821908, "Group1Task0AvgR": -1915.6999374068048, "Group1Task1AvgR": -2903.0803658233835, "_wandb": {"runtime": 3861}}