{"Group0AvgR": 53.718724854469684, "Group0AvgR2": -174.60429918621386, "_timestamp": 1711637434.298625, "_runtime": 678.060693025589, "_step": 542, "Group1AvgR": 2360.012170240668, "Group1AvgR2": 2171.952137491154}