{"fair_gap Task0": 947.8240963195631, "_timestamp": 1712794302.675479, "_runtime": 13217.359290838242, "_step": 3380, "Group0Task0AvgR": 3238.8175763945637, "Group0Task1AvgR": 3122.244326184764, "fair_gap Task1": 854.3766217542534, "Group1Task0AvgR": 2143.258124987071, "Group1Task1AvgR": 2106.9387482382467}