{"Group0Task0AvgR": 3411.497635785907, "_timestamp": 1712238923.508745, "_runtime": 5315.382374048233, "_step": 3999, "Group0Task1AvgR": 2699.6024505145206, "Group1Task0AvgR": 3461.5448828423755, "Group1Task1AvgR": 2608.5306840637095, "_wandb": {"runtime": 5315}}