{"Group0Task0AvgR": 284.550580205751, "_timestamp": 1712332586.496265, "_runtime": 108.82512998580933, "_step": 35, "Group0Task1AvgR": -267.75727841669357, "Group1Task0AvgR": -201.60968297316697, "Group1Task1AvgR": 13.177098446463837}