{"Group0Task0AvgR": 1756.4587006492927, "_timestamp": 1712201007.683122, "_runtime": 3589.075007915497, "_step": 3999, "Group0Task1AvgR": -3463.4689943802496, "Group1Task0AvgR": 1719.7927777397144, "Group1Task1AvgR": -3300.073658823212, "_wandb": {"runtime": 3588}}