{"fair_gap Task0": 40.24319897067569, "_timestamp": 1714420787.459349, "_runtime": 1058.617660999298, "_step": 1514, "Group0Task0AvgR": 861.9152442446117, "fair_gap Task1": 40.24319897067569, "Group0Task1AvgR": 2098.31439255844, "fair_gap Task2": 39.99067843360086, "Group0Task2AvgR": 47.27613544914041, "fair_gap Task3": 39.99067843360086, "Group0Task3AvgR": 61.471805542461965, "Group1Task0AvgR": 491.83108372872863, "Group1Task1AvgR": 2015.9782997226312, "Group1Task2AvgR": 35.6475081343613, "Group1Task3AvgR": 46.747827002072334}