{"fair_gap Task0": 25.084662133725658, "_timestamp": 1714420872.245367, "_runtime": 1143.4036791324615, "_step": 1667, "Group0Task0AvgR": 967.492545734998, "fair_gap Task1": 25.084662133725658, "Group0Task1AvgR": 2302.1614634398934, "fair_gap Task2": 31.193735323684223, "Group0Task2AvgR": 64.67338068887139, "fair_gap Task3": 31.193735323684223, "Group0Task3AvgR": 75.17702668426901, "Group1Task0AvgR": 581.6905804396222, "Group1Task1AvgR": 2267.9547280181923, "Group1Task2AvgR": 49.60220661590668, "Group1Task3AvgR": 56.97092998579407}