{"fair_gap Task0": 20.223088537840454, "_timestamp": 1713292837.38885, "_runtime": 21.11240792274475, "_step": 18, "Group0Task0AvgR": -162.62480206628356, "Group0Task1AvgR": -250.87340799889725, "fair_gap Task1": 100.41293780344243}