{"fair_gap Task0": 932.2484024384162, "_timestamp": 1712525712.380712, "_runtime": 1380.8038730621338, "_step": 1410, "Group0Task0AvgR": 3130.9136881757854, "fair_gap Task1": 71.24744877828653, "Group0Task1AvgR": 1292.3105679039809, "Group1Task0AvgR": 2415.377624651927, "Group1Task1AvgR": 1793.0398548376813}