{"fair_gap Task0": 129.20022028734147, "_timestamp": 1712773416.794197, "_runtime": 131.27878212928772, "_step": 264, "Group0Task0AvgR": -193.74552180023954, "Group0Task1AvgR": -213.64565486815974, "fair_gap Task1": 258.38716551091943, "Group1Task0AvgR": -228.76756638624266, "Group1Task1AvgR": -231.3518415767201}