{"Group0Task0AvgR": -194.8087792318414, "_timestamp": 1712287770.648671, "_runtime": 28.827375888824463, "_step": 13, "Group0Task1AvgR": -253.6983628076625, "Group1Task0AvgR": -374.93542433991666, "Group1Task1AvgR": -75.96554552307785}