{"Group0Task0AvgR": 16.031153072759267, "_timestamp": 1712232827.2248058, "_runtime": 87.2464349269867, "_step": 91, "Group0Task1AvgR": -503.5005315368584, "Group1Task0AvgR": -64.93330841620237, "Group1Task1AvgR": -237.28102038068752}