{"fair_gap Task0": 356.9196798213825, "_timestamp": 1712509184.6182861, "_runtime": 8343.042070150375, "_step": 7900, "Group0Task0AvgR": 2044.4246019108166, "fair_gap Task1": 24.63766849801641, "Group0Task1AvgR": 1722.8755435466694, "Group1Task0AvgR": 1888.787923814432, "Group1Task1AvgR": 1734.5727653719434}