{"Group0AvgR": 41.435766771914075, "_timestamp": 1712174158.543225, "_runtime": 120.7895929813385, "_step": 176, "Group1AvgR": 126.87264415807543}