{"Group0Task0AvgR": 1458.420244637179, "_timestamp": 1712197755.494928, "_runtime": 1639.2952258586884, "_step": 1908, "Group0Task1AvgR": 2247.5586372331977, "Group1Task0AvgR": 1509.8326354619992, "Group1Task1AvgR": 1863.808608282632}