{"fair_gap Task0": 50.58816925278571, "_timestamp": 1713558815.6041942, "_runtime": 106689.4071302414, "_step": 28966, "Group0Task0AvgR": 95.17194036551642, "fair_gap Task1": 0.8418540496423361, "Group0Task1AvgR": 193.52757806447346, "fair_gap Task2": 20.353089854889618, "Group0Task2AvgR": 130.39059495324588, "fair_gap Task3": 103.14083519870178, "Group0Task3AvgR": 67.31828097350956, "Group1Task0AvgR": 49.662525418201334, "Group1Task1AvgR": 177.70198288459608, "Group1Task2AvgR": 140.34111448280396, "Group1Task3AvgR": 149.90517071110835}