{"fair_gap Task0": 178.60448502446616, "_timestamp": 1712830574.341106, "_runtime": 15227.269018888474, "_step": 2999, "Group0Task1AvgR": -4024.868232890541, "fair_gap Task1": 1733.4885349856195, "Group1Task1AvgR": -3453.6406549899457, "_wandb": {"runtime": 15227}}