{"Group0Task0AvgR": -99735.71418084612, "_timestamp": 1712354980.608, "_runtime": 20683.201486110687, "_step": 3466, "Group0Task1AvgR": -199730.60423137332, "Group1Task0AvgR": -99242.08315971692, "Group1Task1AvgR": -199252.40963343813}