{"Group0AvgR": 2054.417190823646, "Group0AvgR2": 1760.202974843875, "_timestamp": 1711636899.206132, "_runtime": 469.6776578426361, "_step": 420, "Group1AvgR": 2002.163976360817, "Group1AvgR2": 1806.472542531589}