{"fair_gap Task0": 562.3751514742299, "_timestamp": 1712859332.553343, "_runtime": 77975.55529403687, "_step": 14014, "Group0Task0AvgR": 1461.5240187505801, "Group0Task1AvgR": 1495.8475493938552, "fair_gap Task1": 1119.6160248405392, "Group1Task0AvgR": 1714.7297654702131, "Group1Task1AvgR": 1728.127403315896}