{"fair_gap Task0": 475.68880048643734, "_timestamp": 1712433959.9636202, "_runtime": 40.86708211898804, "_step": 62, "Group0Task0AvgR": 67.78100161766217, "fair_gap Task1": 114.74144588572938, "Group0Task1AvgR": -531.0149819980925, "Group1Task0AvgR": -216.99869176717158, "Group1Task1AvgR": -83.20983754097026}