{"fair_gap Task0": 1024.6838348478332, "_timestamp": 1712859327.333775, "_runtime": 78400.30584216118, "_step": 14391, "Group0Task0AvgR": 1697.0370369563545, "Group0Task1AvgR": 1729.6542539303423, "fair_gap Task1": 728.908074848681, "Group1Task0AvgR": 1636.0227032811665, "Group1Task1AvgR": 1699.6286480383515}