{"Group0Task0AvgR": 192.90158243926567, "_timestamp": 1712346486.740099, "_runtime": 15572.177556991577, "_step": 3999, "Group0Task1AvgR": -505.3602709040222, "Group1Task0AvgR": 223.41765004106298, "Group1Task1AvgR": -363.23313889251006, "_wandb": {"runtime": 15571}}