{"Group0Task0AvgR": 2164.398409038313, "_timestamp": 1712259449.419359, "_runtime": 2228.5826399326324, "_step": 2096, "Group0Task1AvgR": 1467.0833155940973, "Group1Task0AvgR": 2149.248076436188, "Group1Task1AvgR": 1460.6040511673134}