{"Group0AvgR": 76.86709471077641, "_timestamp": 1712115510.0440671, "_runtime": 129.1574501991272, "_step": 199, "Group1AvgR": 151.84540989301547, "_wandb": {"runtime": 128}}