{"fair_gap Task0": 49.224535315106465, "_timestamp": 1712775062.1687171, "_runtime": 124.96822309494019, "_step": 114, "Group0Task0AvgR": -206.0466726776859, "Group0Task1AvgR": -182.87160382792982, "fair_gap Task1": 107.52137651623858, "Group1Task0AvgR": -237.9994370868921, "Group1Task1AvgR": -221.95068215582188}