{"Group0Task0AvgR": -107.7261471995595, "_timestamp": 1712419504.3127658, "_runtime": 17.31546688079834, "_step": 15, "Group0Task1AvgR": -260.00084645721444, "Group1Task0AvgR": -320.1311487016996, "Group1Task1AvgR": 15.813556565998418}