{"Group0Task0AvgR": 792.6529374322226, "_timestamp": 1712329632.5429251, "_runtime": 259.50388622283936, "_step": 368, "Group0Task1AvgR": -1274.358016739169, "Group1Task0AvgR": 544.1480046394892, "Group1Task1AvgR": -1157.5549979200016, "_wandb": {"runtime": 258}}