{"fair_gap Task0": 150.66129733010473, "_timestamp": 1712510457.5261881, "_runtime": 195.4405381679535, "_step": 171, "Group0Task0AvgR": NaN, "Group0Task1AvgR": NaN, "fair_gap Task1": 152.15430552782863, "Group1Task0AvgR": NaN, "Group1Task1AvgR": NaN}