{"fair_gap Task0": 21.732627470454077, "_timestamp": 1714358651.789957, "_runtime": 203.44434213638306, "_step": 167, "Group0Task0AvgR": 318.91735463033353, "fair_gap Task1": 131.5631204350392, "Group0Task1AvgR": -103.86076201944653, "Group1Task0AvgR": 422.376289456542, "Group1Task1AvgR": -49.13997423322942}