{"Group0Task0AvgR": -356.8489918177994, "_timestamp": 1712258299.265461, "_runtime": 149.87186408042908, "_step": 176, "Group0Task1AvgR": -133.83922800062822, "Group1Task0AvgR": -353.2873274627729, "Group1Task1AvgR": -137.86058420085908}