{"fair_gap Task0": 47.65064818811692, "_timestamp": 1713381888.9957209, "_runtime": 15588.981991767883, "_step": 5865, "Group0Task0AvgR": -204.6042479401921, "Group0Task1AvgR": -202.86473809778727, "Group0Task2AvgR": -200.50311853013343, "Group0Task3AvgR": -200.28641658630204, "fair_gap Task1": 65.59780608908197, "fair_gap Task2": 231.80413090179073, "fair_gap Task3": 324.5811350331172, "Group1Task0AvgR": -267.9134664927228, "Group1Task1AvgR": -262.59630397402685, "Group1Task2AvgR": -250.43503449352292, "Group1Task3AvgR": -263.10995631416966}