{"Group0Task0AvgR": -107.7261471995595, "_timestamp": 1712419465.490649, "_runtime": 13.435963869094849, "_step": 12, "Group0Task1AvgR": -274.6450288343312, "Group1Task0AvgR": -317.2923780140814, "Group1Task1AvgR": -3.075646196979728}