{"AvgR": -184.87139425344037, "AvgR2": -397.5121742033621, "_timestamp": 1711481642.973037, "_runtime": 46.77593398094177, "_step": 11}