{"fair_gap Task0": 1463.799408144932, "_timestamp": 1713305092.80866, "_runtime": 12562.806833982468, "_step": 12149, "Group0Task0AvgR": 1832.5439135594931, "Group0Task1AvgR": 1752.2502642086058, "fair_gap Task1": 705.6274512566756, "Group1Task0AvgR": 1539.7093813994186, "Group1Task1AvgR": 1554.8456711280262}