{"fair_gap Task0": 807.7831961360832, "_timestamp": 1713323279.950756, "_runtime": 30749.9489300251, "_step": 23844, "Group0Task0AvgR": 1697.1869361365132, "Group0Task1AvgR": 1855.4500304598978, "fair_gap Task1": 181.7494832570378, "Group1Task0AvgR": 1540.5554676141055, "Group1Task1AvgR": 1508.7352039374734}