{"fair_gap Task0": 131.33109725920775, "_timestamp": 1712510251.27261, "_runtime": 1045.6529240608215, "_step": 1164, "Group0Task0AvgR": -75.40748885327565, "fair_gap Task1": 203.82349735988782, "Group0Task1AvgR": 483.6502742406904, "Group1Task0AvgR": -25.819687619048988, "Group1Task1AvgR": 397.1115011834677}