{"Group0Task0AvgR": -59.63871109719091, "_timestamp": 1712286094.3824818, "_runtime": 10.52580189704895, "_step": 1, "Group0Task1AvgR": -235.12064734193473}