{"Group0AvgR": -154.2050925295498, "_timestamp": 1712178980.889181, "_runtime": 32.15766501426697, "_step": 33, "Group1AvgR": -34.29256637214227}