{"Group0Task0AvgR": -410.4201368348682, "_timestamp": 1712243706.500894, "_runtime": 485.3107900619507, "_step": 893, "Group0Task1AvgR": -1013.9376265301145, "Group1Task0AvgR": -408.5369473762848, "Group1Task1AvgR": -1012.3818115316991}