{"Group0Task1AvgR": -301.2747487273797, "_timestamp": 1712289186.455161, "_runtime": 1398.692637205124, "_step": 803, "Group1Task1AvgR": -61.985439999987854}