{"fair_gap Task0": 892.5567448048819, "_timestamp": 1713385430.1356459, "_runtime": 2544.2328588962555, "_step": 2399, "Group0Task0AvgR": 539.73098419313, "Group0Task1AvgR": 541.3683425603958, "fair_gap Task1": 1479.247606276123, "Group1Task0AvgR": 354.14416811701943, "Group1Task1AvgR": 389.2641015887119, "_wandb": {"runtime": 2544}}