{"fair_gap Task0": 738.0760686928718, "_timestamp": 1713384523.335537, "_runtime": 1637.4327499866486, "_step": 1466, "Group0Task0AvgR": 591.4425088094494, "Group0Task1AvgR": 572.4744450380228, "fair_gap Task1": 1422.6270151469873, "Group1Task0AvgR": 399.9347968459963, "Group1Task1AvgR": 395.1007263519709}