{"Group0Task0AvgR": -9.245443393565795, "_timestamp": 1712432826.441569, "_runtime": 14.031833171844482, "_step": 6}