{"fair_gap Task0": 141.12360095718668, "_timestamp": 1712855201.271159, "_runtime": 58184.71696782112, "_step": 7999, "Group0Task0AvgR": 5686.877025059104, "fair_gap Task1": 744.5176607346825, "Group0Task1AvgR": 3809.725773629871, "Group1Task0AvgR": 5582.26948537586, "Group1Task1AvgR": 2774.0747954592794, "_wandb": {"runtime": 58185}}