{"fair_gap Task0": 400.82129768577647, "_timestamp": 1712775106.616836, "_runtime": 1683.532763004303, "_step": 3693, "Group0Task0AvgR": 1524.5350824935053, "Group0Task1AvgR": 1445.6290639708113, "fair_gap Task1": 1084.197303979241, "Group1Task0AvgR": 1701.9805472908001, "Group1Task1AvgR": 1713.1014498648738}