{"fair_gap Task0": 32.12805305943499, "_timestamp": 1712778354.474179, "_runtime": 76.09195113182068, "_step": 48, "Group0Task0AvgR": -258.168063117793, "Group0Task1AvgR": -257.8376901468926}