{"Group0Task0AvgR": -4920.117788874295, "_timestamp": 1712355982.412839, "_runtime": 56.938557863235474, "_step": 14, "Group0Task1AvgR": -1902.5659521161074, "Group1Task0AvgR": -4653.517995061166, "Group1Task1AvgR": -1700.4320853054185}