{"Group0AvgR": 1891.7434663177607, "Group0AvgR2": 1357.3423136970687, "_timestamp": 1711552660.4531178, "_runtime": 2710.922738790512, "_step": 622, "Group1AvgR": 2056.099119767583, "Group1AvgR2": 1755.7794151474327}