{"AvgR": 2096.4944666738666, "AvgR2": 477.5244113057881, "_timestamp": 1711541833.3759649, "_runtime": 30680.658346891403, "_step": 18329}