{"Group0Task0AvgR": -203.67746327839015, "_timestamp": 1712262786.857911, "_runtime": 198.08653616905212, "_step": 13, "Group0Task1AvgR": -294.69896109098624, "Group1Task0AvgR": -346.1911457811977, "Group1Task1AvgR": -39.58997221161649}