{"AvgR": 3719.4293312252535, "AvgR2": 3228.426200028752, "_timestamp": 1711541827.2065349, "_runtime": 30588.194015979767, "_step": 17655}