{"fair_gap Task0": 1287.9338603989472, "_timestamp": 1712519423.074133, "_runtime": 8956.144873857498, "_step": 10035, "Group0Task0AvgR": 1280.0166004267674, "Group0Task1AvgR": 1251.8502464779383, "fair_gap Task1": 143.1847496153216, "Group1Task0AvgR": 1047.647696815191, "Group1Task1AvgR": 1100.943367141211}