{"AvgR": 5572.916655588399, "AvgR2": 5241.334856191644, "_timestamp": 1711541825.841415, "_runtime": 30528.107950925827, "_step": 18059}