{"fair_gap Task0": 2159.8132945758043, "_timestamp": 1712859366.584494, "_runtime": 29516.76221203804, "_step": 3831, "Group0Task0AvgR": 3701.8199312540437, "fair_gap Task1": 992.2615845814386, "Group0Task1AvgR": 1029.7100823614105, "Group1Task0AvgR": 3633.8226838039445, "Group1Task1AvgR": 1076.843670723039, "_wandb": {"runtime": 29517}}