{"fair_gap Task0": 260.60040645990694, "_timestamp": 1713384068.3450508, "_runtime": 256.28241086006165, "_step": 177, "Group0Task0AvgR": -215.65793866529833, "Group0Task1AvgR": -202.828660676365, "fair_gap Task1": 28.052607856858288, "Group1Task0AvgR": -215.5928037233576, "Group1Task1AvgR": -204.76081435612448}