{"Group0Task0AvgR": -147.39221318988717, "_timestamp": 1712285806.5710962, "_runtime": 77.6669921875, "_step": 36, "Group0Task1AvgR": -262.03135539086907, "Group1Task0AvgR": -252.51795488095544, "Group1Task1AvgR": -185.98236916833477}