{"fair_gap Task0": 306.22292838274507, "_timestamp": 1712794292.6405172, "_runtime": 13218.545041322708, "_step": 3548, "Group0Task0AvgR": 2252.073621889459, "Group0Task1AvgR": 2252.618134640451, "fair_gap Task1": 2568.7193874142895, "Group1Task0AvgR": 2723.4027192294416, "Group1Task1AvgR": 2767.1842961338843}