{"fair_gap Task0": 168.75277080245698, "_timestamp": 1714331983.8088489, "_runtime": 7.359172821044922, "_step": 0, "_wandb": {"runtime": 6}}