{"Group0Task0AvgR": -375.36888666563345, "_timestamp": 1712196084.1877, "_runtime": 6.419310092926025, "_step": 0, "_wandb": {"runtime": 5}}