{"Group0Task0AvgR": -3450.4415350777617, "_timestamp": 1712366040.492322, "_runtime": 10051.374336957932, "_step": 13191, "Group0Task1AvgR": -763.6131780182393, "Group1Task0AvgR": -2913.6514897455404, "Group1Task1AvgR": -292.20200991214966}