{"Group0Task0AvgR": -183.2741347340706, "_timestamp": 1712259049.9894369, "_runtime": 713.1396317481995, "_step": 984, "Group0Task1AvgR": -1218.7448390924858, "Group1Task0AvgR": -195.21596598423756, "Group1Task1AvgR": -1231.2357299178357}