{"fair_gap Task0": 1654.5981176480636, "_timestamp": 1712855489.0847309, "_runtime": 58467.21839094162, "_step": 7999, "Group0Task0AvgR": 5461.2279057679325, "fair_gap Task1": 308.6651355201693, "Group0Task1AvgR": 4323.826699471742, "Group1Task0AvgR": 5844.656820097222, "Group1Task1AvgR": 3873.2206845487444, "_wandb": {"runtime": 58472}}