{"fair_gap Task0": 70.44407216258361, "_timestamp": 1714419699.095306, "_runtime": 11.999387979507446, "_step": 0, "_wandb": {"runtime": 11}}