{"Group0Task0AvgR": 464.8927804110294, "_timestamp": 1712364309.790847, "_runtime": 6325.695819139481, "_step": 3999, "Group0Task1AvgR": 1190.0887750670938, "Group1Task0AvgR": 561.0081033908317, "Group1Task1AvgR": 1301.0349667542275, "_wandb": {"runtime": 6325}}