{"Group0Task1AvgR": 0.29062761192828424, "_timestamp": 1712237097.884226, "_runtime": 418.6423900127411, "_step": 281, "Group1Task1AvgR": 1.3450536112060272}