{"fair_gap Task0": 115.20089498063749, "_timestamp": 1712779753.262694, "_runtime": 1210.6864058971405, "_step": 832, "Group0Task0AvgR": -266.7262838677602, "Group0Task1AvgR": -257.15777155131553}