{"fair_gap Task0": 139.7413610681716, "_timestamp": 1712778726.519789, "_runtime": 183.943500995636, "_step": 116, "Group0Task0AvgR": -267.7963387949224, "Group0Task1AvgR": -273.6336516766272}