{"fair_gap Task0": 265.00125656834496, "_timestamp": 1712889316.663362, "_runtime": 7.65156102180481, "_step": 0, "_wandb": {"runtime": 6}}