{"fair_gap Task0": 724.134059544094, "_timestamp": 1714597998.681474, "_runtime": 175.11260795593262, "_step": 156, "Group0Task0AvgR": -237.68332120351687, "fair_gap Task1": 724.134059544094, "Group0Task1AvgR": -184.48104285332576, "fair_gap Task2": 724.134059544094, "Group0Task2AvgR": -3568.560849929249, "fair_gap Task3": 29.710505006814174, "Group0Task3AvgR": -2209.7071933906545, "Group1Task0AvgR": 90.37773708445998, "Group1Task1AvgR": -502.6734071113321, "Group1Task2AvgR": -3456.9486893979665, "Group1Task3AvgR": -1935.5133523503146}