{"fair_gap Task0": 282.1134366419601, "_timestamp": 1714598383.331965, "_runtime": 559.7630989551544, "_step": 563, "Group0Task0AvgR": -36.20699721634877, "fair_gap Task1": 2.4885239845652904, "Group0Task1AvgR": -294.0606950650808, "fair_gap Task2": 2.4885239845652904, "Group0Task2AvgR": -1615.5200057441014, "fair_gap Task3": 168.02471504904275, "Group0Task3AvgR": -926.715702746973, "Group1Task0AvgR": 210.75630696570875, "Group1Task1AvgR": -490.36655514124607, "Group1Task2AvgR": -1541.6135444775853, "Group1Task3AvgR": -690.2390135939972}