{"Group0Task0AvgR": 273.0935639802893, "_timestamp": 1712200889.46482, "_runtime": 482.5335819721222, "_step": 620, "Group0Task1AvgR": -0.36975228668676535, "Group1Task0AvgR": 307.0695950114032, "Group1Task1AvgR": -1.747302608397678, "_wandb": {"runtime": 482}}