{"fair_gap Task0": 82.9012684007754, "_timestamp": 1712893760.14713, "_runtime": 2393.435207128525, "_step": 2065, "Group0Task0AvgR": -201.73198501258096, "Group0Task1AvgR": -204.60554599233802, "Group0Task2AvgR": -200.19693659180558, "Group0Task3AvgR": -201.1552983537947, "fair_gap Task1": 164.30894275470908, "fair_gap Task2": 309.7014439299518, "fair_gap Task3": 124.48862536346928, "Group1Task0AvgR": -269.21334736588716, "Group1Task1AvgR": -272.4089602551694, "Group1Task2AvgR": -262.3764279882871, "Group1Task3AvgR": -264.19944661560095, "Group2Task0AvgR": -173.46105080038657, "Group2Task1AvgR": -167.05849198001968, "Group2Task2AvgR": -171.51048259664668, "Group2Task3AvgR": -173.30847430464397, "Group3Task0AvgR": -184.50702655717652, "Group3Task1AvgR": -185.74479723854841, "Group3Task2AvgR": -185.08098954648415, "Group3Task3AvgR": -185.29621353342137}