{"fair_gap Task0": 58.5039037657576, "_timestamp": 1713025858.587054, "_runtime": 134491.87513113022, "_step": 47999, "Group0Task0AvgR": -154.0577410793677, "Group0Task1AvgR": -148.3341428517139, "Group0Task2AvgR": -144.51237000425652, "Group0Task3AvgR": -148.6604065886243, "fair_gap Task1": 136.98881788462543, "fair_gap Task2": 235.88956731157185, "fair_gap Task3": 202.32952299434413, "Group1Task0AvgR": -260.2761571995525, "Group1Task1AvgR": -260.12274255465195, "Group1Task2AvgR": -267.0498835707118, "Group1Task3AvgR": -268.85154397117003, "Group2Task0AvgR": -120.52846866820744, "Group2Task1AvgR": -124.23720912872923, "Group2Task2AvgR": -120.8664172941504, "Group2Task3AvgR": -120.0042176808459, "Group3Task0AvgR": -146.67641828861312, "Group3Task1AvgR": -143.96571990636502, "Group3Task2AvgR": -145.4499591205673, "Group3Task3AvgR": -144.77577347412628, "_wandb": {"runtime": 134491}}