{"fair_gap Task0": 85.81877758683572, "_timestamp": 1712892501.024269, "_runtime": 1134.3123462200165, "_step": 887, "Group0Task0AvgR": -253.55000314150493, "Group0Task1AvgR": -245.35858443788993, "Group0Task2AvgR": -254.43050059842992, "Group0Task3AvgR": -248.95316550331154, "fair_gap Task1": 135.3219923213395, "fair_gap Task2": 268.44481803694407, "fair_gap Task3": 172.51634772007202, "Group1Task0AvgR": -261.2149178068095, "Group1Task1AvgR": -273.2164595063568, "Group1Task2AvgR": -257.9462517790704, "Group1Task3AvgR": -259.5195753320466, "Group2Task0AvgR": -221.1539300462303, "Group2Task1AvgR": -219.80917393780217, "Group2Task2AvgR": -227.7620179780971, "Group2Task3AvgR": -224.01266137985044, "Group3Task0AvgR": -236.75985019462996, "Group3Task1AvgR": -236.45152927130434, "Group3Task2AvgR": -241.68675274717003, "Group3Task3AvgR": -237.04896855951887}