{"fair_gap Task0": 61.126844853483504, "_timestamp": 1712892095.774855, "_runtime": 729.0629320144653, "_step": 460, "Group0Task0AvgR": -259.56035671097044, "Group0Task1AvgR": -256.2504789670126, "Group0Task2AvgR": -269.9628375671619, "Group0Task3AvgR": -271.3349621829402, "fair_gap Task1": 77.50860769671053, "fair_gap Task2": 56.61563372295214, "fair_gap Task3": 223.45564662279568, "Group1Task0AvgR": -265.597604594496, "Group1Task1AvgR": -274.50996511087334, "Group1Task2AvgR": -278.16731030269415, "Group1Task3AvgR": -274.8955912348413, "Group2Task0AvgR": -235.52784638671815, "Group2Task1AvgR": -232.3769317455391, "Group2Task2AvgR": -242.96034403616363, "Group2Task3AvgR": -232.48890146495046, "Group3Task0AvgR": -252.6075224155813, "Group3Task1AvgR": -248.44903630283133, "Group3Task2AvgR": -259.93625881463964, "Group3Task3AvgR": -251.06292092021795}