{"Group0AvgR": -211.74026273875316, "Group0AvgR2": -338.25937452577045, "_timestamp": 1712009778.633161, "_runtime": 20.548377990722656, "_step": 10}