{"Group0Task0AvgR": 513.5390970525843, "_timestamp": 1712333278.744261, "_runtime": 301.9288001060486, "_step": 207, "Group0Task1AvgR": -3927.011171762596, "Group1Task0AvgR": 255.84049063635953, "Group1Task1AvgR": -784.4404194266913, "_wandb": {"runtime": 300}}