{"fair_gap Task0": 103.58483716620628, "_timestamp": 1714354873.673428, "_runtime": 22753.643996953964, "_step": 10000, "Group0Task0AvgR": -734.4047234714938, "Group0Task1AvgR": -742.3831088602991, "Group0Task2AvgR": -682.9222570898975, "Group0Task3AvgR": -714.7431765465775, "fair_gap Task1": 1824.452164835961, "fair_gap Task2": 229.50891233007144, "fair_gap Task3": 233.8647631822372, "Group1Task0AvgR": -971.265740862775, "Group1Task1AvgR": -1011.5991536401073, "Group1Task2AvgR": -990.0837521214462, "Group1Task3AvgR": -959.0616282678183}