{"Group0AvgR": 59.183047276417135, "Group0AvgR2": -104.9021332264262, "_timestamp": 1711636421.8127239, "_runtime": 58.26414775848389, "_step": 49}