{"Group0Task0AvgR": -508.2328755510032, "_timestamp": 1712248799.593081, "_runtime": 2976.9585840702057, "_step": 3469, "Group0Task1AvgR": -2078.974883867009, "Group1Task0AvgR": -507.4973124947368, "Group1Task1AvgR": -2064.0419429498043}