{"fair_gap Task0": 157.610572936042, "_timestamp": 1712776682.869539, "_runtime": 1486.3971071243286, "_step": 1688, "Group0Task0AvgR": 1204.1659879823583, "Group0Task1AvgR": 1130.7314992418717, "fair_gap Task1": 1043.4027328087734, "Group1Task0AvgR": 1465.6876163282996, "Group1Task1AvgR": 1379.6002974606165}