{"fair_gap Task0": 1229.2271624625578, "_timestamp": 1712776816.133162, "_runtime": 1619.66073012352, "_step": 1803, "Group0Task0AvgR": 1226.7607276551166, "Group0Task1AvgR": 1178.459245441657, "fair_gap Task1": 1087.8299866346456, "Group1Task0AvgR": 1621.661092513327, "Group1Task1AvgR": 1538.022964815836}