{"fair_gap Task0": 215.46838766034693, "_timestamp": 1712778723.780093, "_runtime": 3527.3076610565186, "_step": 3111, "Group0Task0AvgR": 2019.3392307607492, "Group0Task1AvgR": 1996.823209688774, "fair_gap Task1": 956.5825320751928, "Group1Task0AvgR": 2249.9144190960633, "Group1Task1AvgR": 2265.040217819385}