{"fair_gap Task0": 236.26236492409987, "_timestamp": 1712775856.612056, "_runtime": 660.1396241188049, "_step": 782, "Group0Task0AvgR": 336.48821758921883, "Group0Task1AvgR": 391.9512098890353, "fair_gap Task1": 87.57236979212314, "Group1Task0AvgR": 327.465613531645, "Group1Task1AvgR": 331.86738699850656}