{"fair_gap Task0": 60.16832019268213, "_timestamp": 1712779842.952808, "_runtime": 4646.480376005173, "_step": 3514, "Group0Task0AvgR": 2252.589904582016, "Group0Task1AvgR": 2268.9284249626608, "fair_gap Task1": 1058.2040949778861, "Group1Task0AvgR": 2284.38247040184, "Group1Task1AvgR": 2311.10438700776}