{"Group0Task1AvgR": -0.3304640849292925, "_timestamp": 1712238542.981421, "_runtime": 42.37067008018494, "_step": 26, "Group1Task1AvgR": -1.2025570997249004}