{"Group0Task0AvgR": -136.2248708283724, "_timestamp": 1712419617.715366, "_runtime": 5.507865905761719, "_step": 0}