{"AvgR": 3666.5949433767532, "AvgR2": 3643.8271741212207, "_timestamp": 1711511231.291269, "_runtime": 12822.030692100525, "_step": 8775}