{"fair_gap Task0": 270.54942078825684, "_timestamp": 1712433464.617593, "_runtime": 395.4716830253601, "_step": 442, "fair_gap Task1": 834.9684637684072, "Group0Task0AvgR": 791.5463466984266, "Group0Task1AvgR": 814.7807142894105, "Group1Task0AvgR": 177.51155407586756, "Group1Task1AvgR": 413.4715712764917}