{"Group0Task0AvgR": 2756.042033767501, "_timestamp": 1712290319.8076952, "_runtime": 4110.3667850494385, "_step": 2908, "Group0Task1AvgR": -303.169107774649, "Group1Task0AvgR": 2764.9196643419236, "Group1Task1AvgR": -68.96071101243938}