{"fair_gap Task0": 1728.4643542979757, "_timestamp": 1713291342.6917682, "_runtime": 55894.71095228195, "_step": 39999, "Group0Task0AvgR": 2991.430323873784, "fair_gap Task1": 953.4771124612017, "Group0Task1AvgR": 970.4360675640762, "Group1Task0AvgR": 2969.893805146546, "Group1Task1AvgR": 1351.8891758688217, "_wandb": {"runtime": 55894}}