{"fair_gap Task0": 342.2268176545409, "_timestamp": 1712892095.022086, "_runtime": 601.5876359939575, "_step": 261, "Group0Task0AvgR": -228.37903902518238, "Group0Task1AvgR": -241.39239640136603, "fair_gap Task1": 927.7511805283546, "Group1Task0AvgR": -227.5266059052277, "Group1Task1AvgR": -231.4123531645307, "Group2Task0AvgR": -218.46469923908947, "Group2Task1AvgR": -179.64966048678974, "Group3Task0AvgR": -229.0351780112082, "Group3Task1AvgR": -227.26248268699396}