{"fair_gap Task0": 736.8367503942358, "_timestamp": 1712893760.2909172, "_runtime": 2266.8564672470093, "_step": 1733, "Group0Task0AvgR": 381.07023432829345, "Group0Task1AvgR": 420.37245492925746, "fair_gap Task1": 2217.7571365417907, "Group1Task0AvgR": 274.41687923862094, "Group1Task1AvgR": 249.47353146554008, "Group2Task0AvgR": 595.5799761739239, "Group2Task1AvgR": 649.4526576974519, "Group3Task0AvgR": -265.8452554925194, "Group3Task1AvgR": -276.8866935739636}