{"fair_gap Task0": 909.5415037074762, "_timestamp": 1712957998.7363951, "_runtime": 66505.3019452095, "_step": 14399, "Group0Task0AvgR": 688.5892813118331, "Group0Task1AvgR": 707.1077268191336, "fair_gap Task1": 3702.6499967464847, "Group1Task0AvgR": 555.2444054812728, "Group1Task1AvgR": 500.87278726977513, "Group2Task0AvgR": 1017.1065142978871, "Group2Task1AvgR": 974.7671241449065, "Group3Task0AvgR": -59.43811869427123, "Group3Task1AvgR": -46.73865859051268, "_wandb": {"runtime": 66508}}