{"fair_gap Task0": 871.6677559781871, "_timestamp": 1712892501.634034, "_runtime": 1008.1995840072632, "_step": 651, "Group0Task0AvgR": -215.21559128827028, "Group0Task1AvgR": -198.47212452718344, "fair_gap Task1": 1573.5381015699966, "Group1Task0AvgR": -224.32873845284485, "Group1Task1AvgR": -220.43654416006768, "Group2Task0AvgR": -103.68348466828134, "Group2Task1AvgR": -77.24601267259119, "Group3Task0AvgR": -255.5187438758022, "Group3Task1AvgR": -250.67485382364194}