{"fair_gap Task0": 16.965654202475264, "_timestamp": 1713381891.012238, "_runtime": 16466.44520497322, "_step": 6909, "Group0Task0AvgR": -197.36564855482357, "Group0Task1AvgR": -200.70252012587883, "Group0Task2AvgR": -199.56289917768598, "Group0Task3AvgR": -206.38637537499417, "fair_gap Task1": 33.62643966519403, "fair_gap Task2": 188.5720878191471, "fair_gap Task3": 83.97416006236884, "Group1Task0AvgR": -251.66473188088577, "Group1Task1AvgR": -233.29034129367133, "Group1Task2AvgR": -251.9336450654635, "Group1Task3AvgR": -256.6027964283152}