{"Group0Task0AvgR": -3137.4879617491956, "_timestamp": 1712252067.4877791, "_runtime": 3200.967600107193, "_step": 3999, "Group0Task1AvgR": -1634.369177539096, "Group1Task0AvgR": -3139.9516987647535, "Group1Task1AvgR": -1633.9644768596936, "_wandb": {"runtime": 3199}}