{"fair_gap Task0": 87.57138094432776, "_timestamp": 1712778725.337046, "_runtime": 2562.7892458438873, "_step": 2196, "Group0Task0AvgR": 1571.6986720877012, "Group0Task1AvgR": 1609.5589382232, "fair_gap Task1": 1061.6036551842444, "Group1Task0AvgR": 1827.8908388697457, "Group1Task1AvgR": 1801.5051975391805}