{"fair_gap Task0": 396.75762867415347, "_timestamp": 1712779840.085323, "_runtime": 3677.5375230312347, "_step": 2639, "Group0Task0AvgR": 1806.709361444584, "Group0Task1AvgR": 1735.177676534673, "fair_gap Task1": 1109.3252892708979, "Group1Task0AvgR": 2108.013838808891, "Group1Task1AvgR": 2085.475733366529}