{"fair_gap Task0": 218.68544091328863, "_timestamp": 1712776815.5491798, "_runtime": 653.0013797283173, "_step": 562, "Group0Task0AvgR": 53.15036065969831, "Group0Task1AvgR": 47.21681534350117, "fair_gap Task1": 243.7275476276659, "Group1Task0AvgR": 11.567259721065227, "Group1Task1AvgR": 24.301901593507008}