{"fair_gap Task0": 137.4545137504434, "_timestamp": 1712776682.626184, "_runtime": 520.0783839225769, "_step": 437, "Group0Task0AvgR": -75.41048408137443, "Group0Task1AvgR": -89.88545065162829, "fair_gap Task1": 108.69930969028766, "Group1Task0AvgR": -166.53874135672763, "Group1Task1AvgR": -163.61508281946854}