{"Group0Task0AvgR": 213.45570222024907, "_timestamp": 1712286075.610037, "_runtime": 261.70953917503357, "_step": 196, "Group0Task1AvgR": -676.0776707315832, "Group1Task0AvgR": 185.30855326552455, "Group1Task1AvgR": -746.8310508215708}