{"Group0Task1AvgR": 15.611514427930413, "_timestamp": 1712237507.85124, "_runtime": 404.7371828556061, "_step": 246, "Group1Task1AvgR": -2.6996474073132384}