{"fair_gap Task0": 175.225019328526, "_timestamp": 1712889155.7953868, "_runtime": 15.237191677093506, "_step": 15, "Group0Task0AvgR": -239.14422316624987, "Group0Task1AvgR": -165.42182193573393, "fair_gap Task1": 305.7265228010061}