{"Group0Task0AvgR": 336.1536858006694, "_timestamp": 1712198177.405212, "_runtime": 394.03307485580444, "_step": 420, "Group0Task1AvgR": 914.7312739781535, "Group1Task0AvgR": 307.7145037084736, "Group1Task1AvgR": 1013.8034824095462}