{"fair_gap Task0": 70.44407216258361, "_timestamp": 1714403101.849719, "_runtime": 9.890813112258911, "_step": 0, "_wandb": {"runtime": 9}}