{"Group0Task0AvgR": 2968.234648048313, "_timestamp": 1712293896.1502059, "_runtime": 3573.3084588050842, "_step": 1999, "Group1Task0AvgR": 2986.937297306314, "_wandb": {"runtime": 3573}}