{"Group0Task0AvgR": 572.1241594569609, "_timestamp": 1712377022.3983202, "_runtime": 804.742433309555, "_step": 231, "Group0Task1AvgR": -12.233270229703146, "Group1Task0AvgR": 463.7258465384524, "Group1Task1AvgR": 684.1471681887188}