{"fair_gap Task0": 265.00125656834496, "_timestamp": 1712889114.231762, "_runtime": 7.275475025177002, "_step": 0, "_wandb": {"runtime": 6}}