{"fair_gap Task0": 265.00125656834496, "_timestamp": 1712888967.403059, "_runtime": 7.686345100402832, "_step": 0, "_wandb": {"runtime": 6}}