{"fair_gap Task0": 1.8532365571296623, "_timestamp": 1714420127.366261, "_runtime": 65206.326472997665, "_step": 23999, "Group0Task0AvgR": -199.4823192616165, "Group0Task1AvgR": -203.10904343511828, "Group0Task2AvgR": -199.48389755411574, "Group0Task3AvgR": -204.5609716712623, "fair_gap Task1": 75.90935051269412, "fair_gap Task2": 221.9215618927924, "fair_gap Task3": 287.4064263085369, "Group1Task0AvgR": -274.0174503611211, "Group1Task1AvgR": -257.96923377848685, "Group1Task2AvgR": -270.1448710804158, "Group1Task3AvgR": -262.7667572059327, "_wandb": {"runtime": 65206}}