{"fair_gap Task0": 0.5956441931953123, "_timestamp": 1712859343.639592, "_runtime": 4326.776244878769, "_step": 575, "Group0Task0AvgR": 1917.8395265938107, "fair_gap Task1": 1074.4299519923763, "Group0Task1AvgR": 332.5623232726341, "Group1Task0AvgR": 1775.1218880999982, "Group1Task1AvgR": 1168.1111167417703, "_wandb": {"runtime": 4327}}