{"fair_gap Task0": 208.02741184551454, "_timestamp": 1712889370.224206, "_runtime": 18.963356971740723, "_step": 21, "Group0Task0AvgR": -272.57930639945386, "Group0Task1AvgR": -198.23500752811685, "fair_gap Task1": 213.65538152617845, "Group1Task0AvgR": -54.402697257778776, "Group1Task1AvgR": -422.29798295806535}