{"Group0Task1AvgR": 0.28637861423941513, "_timestamp": 1712236660.891798, "_runtime": 2224.220353126526, "_step": 316, "Group1Task1AvgR": 1.4920489099642744}