{"Group0AvgR": [159.16757356721482, 1000], "Group0AvgR2": [3.5282041502872823, 1000], "_timestamp": 1711549646.786324, "_runtime": 164.6559591293335, "_step": 180, "Group1AvgR": [849.1376306681096, 1000], "Group1AvgR2": [753.2113960882945, 1000]}