{"fair_gap Task0": 58.36401202232065, "_timestamp": 1714357450.0716019, "_runtime": 2024.8482689857483, "_step": 1625, "Group0Task0AvgR": -630.4108966290962, "Group0Task1AvgR": -587.5276261324964, "Group0Task2AvgR": -609.9205735878078, "Group0Task3AvgR": -627.1324351429248, "fair_gap Task1": 1781.6407677069785, "fair_gap Task2": 295.48524759330604, "fair_gap Task3": 177.47435667279217, "Group1Task0AvgR": -722.2283196077775, "Group1Task1AvgR": -736.7531464052931, "Group1Task2AvgR": -721.0213869679593, "Group1Task3AvgR": -719.0580130818458}