{"fair_gap Task0": 370.84064082655084, "_timestamp": 1712890751.496363, "_runtime": 205.43188190460205, "_step": 303, "Group0Task0AvgR": -234.96341008554762, "Group0Task1AvgR": -224.94317875587888, "fair_gap Task1": 567.2459398591602, "fair_gap Task2": 370.84064082655084, "Group0Task2AvgR": -353.95975581765373, "Group0Task-1AvgR": -341.5517393969284, "fair_gap Task3": 468.6350518259628, "Group0Task3AvgR": -356.4643709191469, "Group0Task-2AvgR": -377.188601290758, "Group1Task0AvgR": -211.7752258657059, "Group1Task1AvgR": -219.35606643738083, "Group1Task2AvgR": -352.49901961887485, "Group1Task-1AvgR": -328.9389327545401, "Group1Task3AvgR": -344.8177697410935, "Group1Task-2AvgR": -371.19090198541954, "Group2Task0AvgR": -215.73215271302436, "Group2Task1AvgR": -206.83724583945673, "Group2Task2AvgR": -320.0838516119906, "Group2Task-1AvgR": -288.70495694539045, "Group2Task3AvgR": -303.4668947906202, "Group2Task-2AvgR": -335.28680026537177, "Group3Task0AvgR": -233.84076195761577, "Group3Task1AvgR": -226.1334641705455, "Group3Task2AvgR": -341.3717938491489, "Group3Task-1AvgR": -318.105803432127, "Group3Task3AvgR": -332.0898371424037, "Group3Task-2AvgR": -351.6670867959677}