{"Group0Task0AvgR": 585.7196833990293, "_timestamp": 1712332837.4005592, "_runtime": 207.36852526664734, "_step": 143, "Group0Task1AvgR": -779.1088361145322, "Group1Task0AvgR": -124.66839375278875, "Group1Task1AvgR": -186.06972124020132, "_wandb": {"runtime": 207}}