{"fair_gap Task0": 155.02364787663424, "_timestamp": 1713400186.263106, "_runtime": 206.60270500183105, "_step": 212, "Group0Task0AvgR": -324.53731055787205, "fair_gap Task1": 155.02364787663424, "Group0Task1AvgR": -221.25919920882882, "Group1Task0AvgR": -413.16476825980624, "Group1Task1AvgR": -213.2936612993994}