{"Group0Task0AvgR": 333.57581908755594, "_timestamp": 1712284595.0467541, "_runtime": 440.08343410491943, "_step": 306, "Group0Task1AvgR": 128.76718935323854, "Group1Task0AvgR": 332.34449841795623, "Group1Task1AvgR": 202.34893432232653}