{"Group0Task0AvgR": -202.28008660748594, "_timestamp": 1712357954.104012, "_runtime": 113.28876209259033, "_step": 46, "Group0Task1AvgR": -178.97181894064957, "Group1Task0AvgR": -108.6391262167755, "Group1Task1AvgR": -7.143378689123431}