{"fair_gap Task0": 300.0682994645525, "_timestamp": 1712867530.904237, "_runtime": 11.09139108657837, "_step": 0, "_wandb": {"runtime": 9}}