{"fair_gap Task0": 187.9462323357393, "_timestamp": 1712815329.586974, "_runtime": 16297.244663000107, "_step": 2999, "Group0Task1AvgR": -5485.090641891675, "fair_gap Task1": 328.0792432095668, "Group1Task1AvgR": -4612.773695987804, "_wandb": {"runtime": 16303}}