{"fair_gap Task0": 788.8775182606514, "_timestamp": 1712859345.0254872, "_runtime": 4130.075214147568, "_step": 442, "Group0Task0AvgR": 898.1374490704544, "fair_gap Task1": 534.024353394569, "Group0Task1AvgR": 363.8569330041049, "Group1Task0AvgR": 1081.5056761626324, "Group1Task1AvgR": 157.59594370726825, "_wandb": {"runtime": 4130}}