{"fair_gap Task0": 140.29433893129658, "_timestamp": 1713364044.752357, "_runtime": 43.712414026260376, "_step": 34, "Group0Task0AvgR": -66.75192741380772, "fair_gap Task1": 78.80715026586236, "Group0Task1AvgR": -356.3395486828229}