{"fair_gap Task0": 218.79400574018018, "_timestamp": 1712859337.859127, "_runtime": 3833.621099948883, "_step": 280, "Group0Task0AvgR": 600.5601266215145, "fair_gap Task1": 637.6610843160175, "Group0Task1AvgR": -22.811248112505584, "Group1Task0AvgR": 507.9880191103418, "Group1Task1AvgR": 256.66319122995293, "_wandb": {"runtime": 3840}}