{"Group0Task0AvgR": 455.2477928154326, "_timestamp": 1712200402.080777, "_runtime": 470.15928196907043, "_step": 486, "Group0Task1AvgR": -1812.366472589239, "Group1Task0AvgR": 464.078639812353, "Group1Task1AvgR": -1897.310648259327}