{"Group0Task0AvgR": 2574.137460202282, "_timestamp": 1712283428.625952, "_runtime": 20607.99844789505, "_step": 2689, "Group0Task1AvgR": -301.7425859329146, "Group1Task0AvgR": 2626.5586363053035, "Group1Task1AvgR": -63.63971729331674}