{"Group0Task1AvgR": -180.6289275849818, "_timestamp": 1712244358.689892, "_runtime": 142.43587613105774, "_step": 105, "Group1Task1AvgR": -180.55085866726486}