{"AvgR": 5488.76085303016, "AvgR2": 3689.230768116289, "_timestamp": 1711541826.77453, "_runtime": 30434.253191947937, "_step": 17871}