{"Group0Task0AvgR": -127.02547182366543, "_timestamp": 1712239068.586925, "_runtime": 456.285404920578, "_step": 489, "Group0Task1AvgR": -0.3124797255410207, "Group1Task0AvgR": -378.4668153569478, "Group1Task1AvgR": -1.9068385427098216, "_wandb": {"runtime": 456}}