{"fair_gap Task0": 619.0338831827121, "_timestamp": 1714598697.1220438, "_runtime": 304.45875573158264, "_step": 224, "Group0Task0AvgR": -165.9171012632325, "fair_gap Task1": 619.0338831827121, "Group0Task1AvgR": -223.54266663015733, "fair_gap Task2": 619.0338831827121, "Group0Task2AvgR": -3013.478147898985, "fair_gap Task3": 311.639999891054, "Group0Task3AvgR": -1593.5352834886899, "Group1Task0AvgR": 53.07399407214766, "Group1Task1AvgR": -432.7376196088435, "Group1Task2AvgR": -3206.639466564376, "Group1Task3AvgR": -1637.8466483892112}