{"fair_gap Task0": 190.5325937688067, "_timestamp": 1712855843.59295, "_runtime": 58860.66312408447, "_step": 7999, "Group0Task0AvgR": 5136.7152134571315, "fair_gap Task1": 53.04997656650767, "Group0Task1AvgR": 3663.6338831235394, "Group1Task0AvgR": 5715.969582659717, "Group1Task1AvgR": 3424.203280261896, "_wandb": {"runtime": 58865}}