{"fair_gap Task0": 1509.2499519305184, "_timestamp": 1712794369.8954968, "_runtime": 13033.753465890884, "_step": 3497, "Group0Task0AvgR": 1350.3833821060928, "Group0Task1AvgR": 1266.3489645061925, "fair_gap Task1": 1932.4269237854119, "Group1Task0AvgR": 2055.560906115829, "Group1Task1AvgR": 2163.335998804333}