{"Group0Task0AvgR": -252.9810138461879, "_timestamp": 1712258144.574817, "_runtime": 230.46181201934814, "_step": 281, "Group0Task1AvgR": -288.7940705352693, "Group1Task0AvgR": -247.92634660478362, "Group1Task1AvgR": -293.47757299637016}