{"fair_gap Task0": 74.21724750825388, "_timestamp": 1714358423.435423, "_runtime": 705.3277008533478, "_step": 180, "Group0Task0AvgR": -309.30877249387845, "Group0Task1AvgR": -288.81794229080884, "Group0Task2AvgR": -320.11255745376405, "Group0Task3AvgR": -300.0860773819059, "fair_gap Task1": 266.78701887087135, "fair_gap Task2": 319.7435826348192, "fair_gap Task3": 163.83666907731322, "Group1Task0AvgR": -334.9660178080472, "Group1Task1AvgR": -374.28752379168805, "Group1Task2AvgR": -390.2790445720796, "Group1Task3AvgR": -356.49939526053896}