{"fair_gap Task0": 273.83052456155747, "_timestamp": 1712859366.3720891, "_runtime": 29680.003742218018, "_step": 3935, "Group0Task0AvgR": 3924.68392883504, "fair_gap Task1": 1748.7571405648027, "Group0Task1AvgR": 1108.7495438824035, "Group1Task0AvgR": 3919.9165365414096, "Group1Task1AvgR": 1190.4882887511337, "_wandb": {"runtime": 29680}}