{"Group0Task0AvgR": 170.9032055365568, "_timestamp": 1712329046.1317928, "_runtime": 4679.022725820541, "_step": 2397, "Group0Task1AvgR": 203.258289432137, "Group1Task0AvgR": -147.81075833198244, "Group1Task1AvgR": -140.3929240600712}