{"fair_gap Task0": 320.7544591377655, "_timestamp": 1712519423.329199, "_runtime": 85246.18609213829, "_step": 47047, "Group0Task0AvgR": 1069.6427232038473, "fair_gap Task1": 243.31324018167243, "Group0Task1AvgR": 962.2612718217694, "Group1Task0AvgR": 1610.5808561620925, "Group1Task1AvgR": 1278.8039303696291}