{"fair_gap Task0": 52.67805298686403, "_timestamp": 1713383745.0782762, "_runtime": 26.910815238952637, "_step": 12, "Group0Task0AvgR": -153.54178182281873, "Group0Task1AvgR": -248.65279898234647, "fair_gap Task1": 131.28915367781872}