{"AvgR": 103.91462170602753, "AvgR2": -38.60362030678561, "_timestamp": 1711467489.72309, "_runtime": 61.3792028427124, "_step": 60}