{"Group0Task0AvgR": 2816.792761842666, "_timestamp": 1712421902.418323, "_runtime": 680.3287661075592, "_step": 942, "Group0Task1AvgR": 320.2476477852218, "Group1Task0AvgR": 1844.6894182247465, "Group1Task1AvgR": 997.5176483190725}