{"Group0Task0AvgR": 1346.528694491134, "_timestamp": 1712287635.5351, "_runtime": 1139.2030100822449, "_step": 1075, "Group0Task1AvgR": 1008.0987976794422, "Group1Task0AvgR": 1355.4516275835022, "Group1Task1AvgR": 1084.0032156073908}