{"fair_gap Task0": 345.24039126347327, "_timestamp": 1713400613.134045, "_runtime": 84.73415398597717, "_step": 79, "Group0Task0AvgR": -54.008067901471044, "fair_gap Task1": 373.64377747853626, "Group0Task1AvgR": -363.71427916605404, "Group1Task0AvgR": -376.2692729313806, "Group1Task1AvgR": -54.51447313120563}