{"Group0Task0AvgR": 2919.967235683736, "_timestamp": 1712262974.470915, "_runtime": 3519.419630050659, "_step": 2879, "Group0Task1AvgR": 1857.9812842723645, "Group1Task0AvgR": 2828.278570326679, "Group1Task1AvgR": 1936.132603176936}