{"Group0Task0AvgR": -842.7926264333079, "_timestamp": 1712244211.590464, "_runtime": 499.5611882209778, "_step": 704, "Group0Task1AvgR": -1005.8743755176613, "Group1Task0AvgR": -836.6281340249424, "Group1Task1AvgR": -1001.5811237490509}