{"Group0Task0AvgR": 1196.570768350795, "_timestamp": 1712195024.059998, "_runtime": 1526.779298067093, "_step": 1708, "Group0Task1AvgR": 1168.688540212603, "Group1Task0AvgR": 1158.318627074822, "Group1Task1AvgR": 1164.0941608568746}