{"AvgR": 16.780281296608788, "AvgR2": -149.171646748589, "_timestamp": 1711497207.625412, "_runtime": 41.8451030254364, "_step": 44}