{"fair_gap Task0": 522.5218695403719, "_timestamp": 1712855001.825944, "_runtime": 57982.87495183945, "_step": 7999, "Group0Task0AvgR": 4970.957267947651, "fair_gap Task1": 891.8254834915253, "Group0Task1AvgR": 2377.906533748312, "Group1Task0AvgR": 5834.1692709441295, "Group1Task1AvgR": 2564.509464413639, "_wandb": {"runtime": 57985}}