{"Group0Task0AvgR": -59.63871109719091, "_timestamp": 1712260119.294802, "_runtime": 16.277117013931274, "_step": 3, "Group0Task1AvgR": -235.12064734193473, "Group1Task0AvgR": -396.1242540759288, "Group1Task1AvgR": 1.2765862280832951}