{"fair_gap Task0": 352.8341338053824, "_timestamp": 1712855492.40747, "_runtime": 58468.50888109207, "_step": 7999, "Group0Task0AvgR": 5767.339494131381, "fair_gap Task1": 1617.6419032573522, "Group0Task1AvgR": 3778.4167472357603, "Group1Task0AvgR": 5626.303104162812, "Group1Task1AvgR": 2734.5185585326817, "_wandb": {"runtime": 58475}}