{"Group0AvgR": -241.49059318869726, "Group0AvgR2": -520.9650270941085, "_timestamp": 1712008874.613958, "_runtime": 8.449604988098145, "_step": 2}