{"fair_gap Task0": 43.00597418104735, "_timestamp": 1712814776.373725, "_runtime": 15707.30289888382, "_step": 2999, "Group0Task1AvgR": -2527.339460834603, "fair_gap Task1": 293.9899045942193, "Group1Task1AvgR": -2448.75721591634, "_wandb": {"runtime": 15714}}