{"Group0Task0AvgR": 509.068368301915, "_timestamp": 1712546782.2636979, "_runtime": 186.26438784599304, "_step": 133, "Group0Task1AvgR": -904.786786413545, "Group1Task0AvgR": 222.722181419128, "Group1Task1AvgR": -643.9510670642028}