{"Group0Task0AvgR": 2996.3270883693276, "_timestamp": 1712427323.765172, "_runtime": 3798.327737092972, "_step": 2180, "Group0Task1AvgR": 2991.265129452299, "Group1Task0AvgR": 2661.7007168086234, "Group1Task1AvgR": 2484.7198234147036}