{"AvgR": 4321.281635850045, "AvgR2": 2056.3602738873906, "_timestamp": 1711541841.7192802, "_runtime": 30682.8171813488, "_step": 18302}