{"fair_gap Task0": 88.79618563944365, "_timestamp": 1712780326.092452, "_runtime": 174.1654839515686, "_step": 109, "Group0Task1AvgR": -713.3393691821607, "fair_gap Task1": 559.5862730547956, "Group1Task1AvgR": -425.8413012548738}