{"Group0Task0AvgR": 1855.2708842218535, "_timestamp": 1712243110.672169, "_runtime": 1661.878977060318, "_step": 1761, "Group0Task1AvgR": 1242.28316714836, "Group1Task0AvgR": 1864.0292792873508, "Group1Task1AvgR": 1280.8182952511465}