{"fair_gap Task0": 344.28326666791236, "_timestamp": 1712829960.303992, "_runtime": 15166.652461051941, "_step": 2999, "Group0Task1AvgR": -4418.407770670287, "fair_gap Task1": 1244.3082631973793, "Group1Task1AvgR": -4705.201516149292, "_wandb": {"runtime": 15170}}