{"fair_gap Task0": 475.84967269026396, "_timestamp": 1712888952.6262882, "_runtime": 21245.551832199097, "_step": 11411, "Group0Task0AvgR": -242.59858529260924, "Group0Task1AvgR": -234.89333551428155, "fair_gap Task1": 1346.329216328502, "fair_gap Task2": 353.34770396272773, "Group0Task2AvgR": -726.1965528154066, "Group0Task-1AvgR": -718.7158010473814, "fair_gap Task3": 845.0073549642303, "Group0Task3AvgR": -719.2176274871608, "Group0Task-2AvgR": -727.4288459749156, "Group1Task0AvgR": -202.362143113481, "Group1Task1AvgR": -217.1482955602047, "Group1Task2AvgR": -556.2112091361832, "Group1Task-1AvgR": -556.6167193054793, "Group1Task3AvgR": -555.3702892259436, "Group1Task-2AvgR": -556.0304674479154, "Group2Task0AvgR": -202.84658140571455, "Group2Task1AvgR": -213.99584583411772, "Group2Task2AvgR": -440.28722800117583, "Group2Task-1AvgR": -403.0662125746536, "Group2Task3AvgR": -405.53956899959644, "Group2Task-2AvgR": -444.7876717936218, "Group3Task0AvgR": -347.05824744074454, "Group3Task1AvgR": -331.58600732167906, "Group3Task2AvgR": -944.1934828562827, "Group3Task-1AvgR": -930.0148778260634, "Group3Task3AvgR": -930.8128749188542, "Group3Task-2AvgR": -944.0225241033949}