{"fair_gap Task0": 334.16768133570775, "_timestamp": 1712886321.931408, "_runtime": 18614.85695195198, "_step": 7409, "Group0Task0AvgR": -249.5706153849438, "Group0Task1AvgR": -256.8300451295587, "fair_gap Task1": 982.1219759218199, "fair_gap Task2": 334.16768133570775, "Group0Task2AvgR": -721.4534305465213, "Group0Task-1AvgR": -698.6763988620544, "fair_gap Task3": 545.7265901146859, "Group0Task3AvgR": -698.8429570435659, "Group0Task-2AvgR": -715.0914158715842, "Group1Task0AvgR": -218.92486187912854, "Group1Task1AvgR": -213.9977587482446, "Group1Task2AvgR": -560.6663283831039, "Group1Task-1AvgR": -554.3874849267829, "Group1Task3AvgR": -553.8139462211678, "Group1Task-2AvgR": -560.8961205905265, "Group2Task0AvgR": -228.52765113928544, "Group2Task1AvgR": -196.60379403349535, "Group2Task2AvgR": -420.77725451555057, "Group2Task-1AvgR": -432.9496031947232, "Group2Task3AvgR": -429.07767285926224, "Group2Task-2AvgR": -424.93178913350346, "Group3Task0AvgR": -340.57712937777404, "Group3Task1AvgR": -345.01550694130026, "Group3Task2AvgR": -935.1954500476329, "Group3Task-1AvgR": -922.2453514005625, "Group3Task3AvgR": -921.869668320372, "Group3Task-2AvgR": -941.0371089505675}