{"fair_gap Task0": 405.9858981831714, "_timestamp": 1712868490.5148969, "_runtime": 783.4404408931732, "_step": 504, "Group0Task0AvgR": -263.2737054550408, "Group0Task1AvgR": -247.88077309048165, "fair_gap Task1": 819.2089097917165, "fair_gap Task2": 633.5401590504592, "Group0Task2AvgR": -438.36212676726694, "Group0Task-1AvgR": -423.69712316632575, "fair_gap Task3": 633.5401590504592, "Group0Task3AvgR": -443.31728462326674, "Group0Task-2AvgR": -449.60050091048424, "Group1Task0AvgR": -220.19425530037938, "Group1Task1AvgR": -228.36139639130045, "Group1Task2AvgR": -374.37076865279573, "Group1Task-1AvgR": -360.5823432087594, "Group1Task3AvgR": -372.33932929772374, "Group1Task-2AvgR": -384.3626405757918, "Group2Task0AvgR": -225.0681655446887, "Group2Task1AvgR": -237.31209139954692, "Group2Task2AvgR": -354.54450205283445, "Group2Task-1AvgR": -326.70742223068214, "Group2Task3AvgR": -345.8164478536488, "Group2Task-2AvgR": -374.74365368807753, "Group3Task0AvgR": -230.60388965514014, "Group3Task1AvgR": -227.52622060577764, "Group3Task2AvgR": -355.6871678760249, "Group3Task-1AvgR": -338.6706274301734, "Group3Task3AvgR": -351.24464730665557, "Group3Task-2AvgR": -367.30378737294234}