{"fair_gap Task0": 550.0535814096526, "_timestamp": 1712868952.807803, "_runtime": 1245.733346939087, "_step": 1214, "Group0Task0AvgR": -288.07439909824575, "Group0Task1AvgR": -278.5889189190406, "fair_gap Task1": 1355.080846170354, "fair_gap Task2": 647.7317922608504, "Group0Task2AvgR": -656.0970933012156, "Group0Task-1AvgR": -658.6141186125683, "fair_gap Task3": 647.7317922608504, "Group0Task3AvgR": -676.0039535736703, "Group0Task-2AvgR": -674.1331351892073, "Group1Task0AvgR": -232.069944461845, "Group1Task1AvgR": -235.85361950649352, "Group1Task2AvgR": -450.8463132568351, "Group1Task-1AvgR": -447.49915494974704, "Group1Task3AvgR": -453.5954826031663, "Group1Task-2AvgR": -456.34018693320616, "Group2Task0AvgR": -250.68585109014757, "Group2Task1AvgR": -283.80536933823174, "Group2Task2AvgR": -437.6901429933027, "Group2Task-1AvgR": -444.066984808666, "Group2Task3AvgR": -445.0335451083262, "Group2Task-2AvgR": -443.2063176272997, "Group3Task0AvgR": -251.64560178489168, "Group3Task1AvgR": -260.74452523762807, "Group3Task2AvgR": -480.64737247095377, "Group3Task-1AvgR": -470.4892632302317, "Group3Task3AvgR": -482.4577774091577, "Group3Task-2AvgR": -490.57637730589937}