{"fair_gap Task0": 307.0819866232009, "_timestamp": 1712888211.970165, "_runtime": 20504.89570903778, "_step": 10324, "Group0Task0AvgR": -248.16452266953192, "Group0Task1AvgR": -256.5948656323116, "fair_gap Task1": 970.7568109202736, "fair_gap Task2": 368.1147207415611, "Group0Task2AvgR": -721.5478713280625, "Group0Task-1AvgR": -719.5723249357881, "fair_gap Task3": 369.7765254629443, "Group0Task3AvgR": -719.8467222334191, "Group0Task-2AvgR": -723.555305088177, "Group1Task0AvgR": -229.18006561983162, "Group1Task1AvgR": -210.1227515434261, "Group1Task2AvgR": -557.5841092204677, "Group1Task-1AvgR": -558.2677354226795, "Group1Task3AvgR": -557.852828316748, "Group1Task-2AvgR": -559.1295945661598, "Group2Task0AvgR": -207.53757329691177, "Group2Task1AvgR": -201.694658629287, "Group2Task2AvgR": -432.63549482336833, "Group2Task-1AvgR": -435.122148965046, "Group2Task3AvgR": -432.9867552545154, "Group2Task-2AvgR": -438.1830870940498, "Group3Task0AvgR": -346.4184039893311, "Group3Task1AvgR": -306.3882460389004, "Group3Task2AvgR": -927.4205469145667, "Group3Task-1AvgR": -922.2257905292189, "Group3Task3AvgR": -925.5741622926874, "Group3Task-2AvgR": -925.9184799077002}