{"fair_gap Task0": 476.64668342300524, "_timestamp": 1712780324.8919628, "_runtime": 203.0659818649292, "_step": 159, "Group0Task1AvgR": -867.8291419981884, "fair_gap Task1": 129.19116244753195, "Group1Task1AvgR": -619.9970469888326}