{"Group0Task0AvgR": -188.03966038171012, "_timestamp": 1712192854.6245592, "_runtime": 73.60041213035583, "_step": 74, "Group0Task1AvgR": -155.4839537929141, "Group1Task0AvgR": -57.78072594683031, "Group1Task1AvgR": -52.096906499308226}