{"fair_gap Task0": 83.52243713696043, "_timestamp": 1712779837.115504, "_runtime": 3524.0854499340057, "_step": 2082, "Group0Task0AvgR": 1544.6801539078215, "Group0Task1AvgR": 1591.6563302153909, "fair_gap Task1": 91.0190682162247, "Group1Task0AvgR": 1576.0129760862908, "Group1Task1AvgR": 1521.8761169236082}