{"fair_gap Task0": 211.64991198718917, "_timestamp": 1712778726.373343, "_runtime": 2413.343288898468, "_step": 1666, "Group0Task0AvgR": 1048.4325735973578, "Group0Task1AvgR": 1089.9810185216154, "fair_gap Task1": 320.75904217488323, "Group1Task0AvgR": 1181.9962248147372, "Group1Task1AvgR": 1159.702679867189}