{"fair_gap Task0": 464.99456273783466, "_timestamp": 1712776682.612694, "_runtime": 369.58263993263245, "_step": 264, "Group0Task0AvgR": -227.43330016951563, "Group0Task1AvgR": -221.01816265717764, "fair_gap Task1": 228.7279255065501, "Group1Task0AvgR": -206.77738521692217, "Group1Task1AvgR": -203.51897542229165}