{"fair_gap Task0": 385.1524908980353, "_timestamp": 1712776815.692231, "_runtime": 502.6621768474579, "_step": 363, "Group0Task0AvgR": -225.67299982680623, "Group0Task1AvgR": -208.55816208447735, "fair_gap Task1": 163.45513944408418, "Group1Task0AvgR": -188.9701319671693, "Group1Task1AvgR": -189.15462139668594}