{"Group0Task0AvgR": 2250.2893139138832, "_timestamp": 1712183249.663221, "_runtime": 4173.188161849976, "_step": 3999, "Group0Task1AvgR": 2167.2022243935626, "Group1Task0AvgR": 2139.4963473980756, "Group1Task1AvgR": 2181.8042874507078, "_wandb": {"runtime": 4173}}