{"Group0Task0AvgR": 367.85668321819367, "_timestamp": 1712257909.414583, "_runtime": 432.37927293777466, "_step": 403, "Group0Task1AvgR": 253.7803338598239, "Group1Task0AvgR": 404.16237284550846, "Group1Task1AvgR": 332.6838116311252}