{"Group0Task0AvgR": 2905.2598009528533, "_timestamp": 1712296310.717813, "_runtime": 5963.259809017181, "_step": 3999, "Group0Task1AvgR": 2419.4196386067624, "Group1Task0AvgR": 2874.0585721321004, "Group1Task1AvgR": 2276.5066592350177, "_wandb": {"runtime": 5962}}