{"fair_gap Task0": 363.5944178975524, "_timestamp": 1712815162.9789782, "_runtime": 16101.846664190292, "_step": 2999, "Group0Task1AvgR": -5302.753473161345, "fair_gap Task1": 889.0207170010663, "Group1Task1AvgR": -4407.88089546115, "_wandb": {"runtime": 16104}}