{"Group0AvgR": -294.5013834592116, "Group0AvgR2": -383.0062007450894, "_timestamp": 1712100592.063026, "_runtime": 12.08932089805603, "_step": 6}