{"fair_gap Task0": 1170.2512074104654, "_timestamp": 1712780327.0166662, "_runtime": 244.58338117599487, "_step": 243, "Group0Task1AvgR": -1099.5934442034106, "fair_gap Task1": 320.55405450418675, "Group1Task1AvgR": -914.18487456669}