{"fair_gap Task0": 88.0132431407165, "_timestamp": 1713400480.372658, "_runtime": 112.55748701095581, "_step": 115, "Group0Task0AvgR": -404.76214148651786, "fair_gap Task1": 79.36316077179345, "Group0Task1AvgR": -263.3020692549567, "Group1Task0AvgR": -493.49498179605587, "Group1Task1AvgR": -254.11606612094442}