{"Group0Task0AvgR": -93.14481414711128, "_timestamp": 1712322598.214985, "_runtime": 488.5894958972931, "_step": 399, "Group0Task1AvgR": -295.64198943983274, "Group1Task0AvgR": -509.09847979408534, "Group1Task1AvgR": 73.84704012413202, "_wandb": {"runtime": 487}}