{"fair_gap Task0": 932.6264665203789, "_timestamp": 1712859366.777888, "_runtime": 29487.44798517227, "_step": 3871, "Group0Task0AvgR": 3270.763537421043, "fair_gap Task1": 429.91961110790044, "Group0Task1AvgR": 1159.4007250129514, "Group1Task0AvgR": 2186.8608301489144, "Group1Task1AvgR": 1927.7740477683321, "_wandb": {"runtime": 29487}}