{"fair_gap Task0": 2936.2722067219083, "_timestamp": 1713247753.552005, "_runtime": 12124.19153213501, "_step": 7999, "Group0Task0AvgR": 5665.294590260071, "fair_gap Task1": 852.9617321623373, "Group0Task1AvgR": 2649.042580787391, "Group1Task0AvgR": 5820.228023051871, "Group1Task1AvgR": 3612.457936339166, "_wandb": {"runtime": 12125}}