{"Group0Task0AvgR": 905.8589514286662, "_timestamp": 1712419285.3868768, "_runtime": 267.2769958972931, "_step": 376, "Group0Task1AvgR": 43.29339047955802, "Group1Task0AvgR": 757.4885643744371, "Group1Task1AvgR": 854.6101741551992}