{"Group0AvgR": 128.65745392040355, "_timestamp": 1712116595.1742852, "_runtime": 128.50677108764648, "_step": 199, "Group1AvgR": 959.1040087178127, "_wandb": {"runtime": 128}}