{"Group0Task0AvgR": -154.23073549854644, "_timestamp": 1712419543.942027, "_runtime": 8.572288990020752, "_step": 4, "Group0Task1AvgR": -271.82376835989464, "Group1Task0AvgR": -396.199769114198, "Group1Task1AvgR": -66.38630718698604}