{"Group0Task0AvgR": -133.35834335956355, "_timestamp": 1712373393.1665852, "_runtime": 58.71901226043701, "_step": 32, "Group0Task1AvgR": -123.81582154478156, "Group1Task0AvgR": -72.45998417106267, "Group1Task1AvgR": -78.14532021417578}