{"Group0Task1AvgR": 168.37922753503273, "_timestamp": 1712290316.8949919, "_runtime": 399.91334295272827, "_step": 200, "Group1Task1AvgR": 220.31789914041528}