{"AvgR": -287.72845016353017, "AvgR2": -467.5749771088714, "_timestamp": 1711541867.7675562, "_runtime": 6.2315192222595215, "_step": 1}