{"fair_gap Task0": 345.42521405456864, "_timestamp": 1714597751.602314, "_runtime": 9.144980907440186, "_step": 0, "_wandb": {"runtime": 8}}