{"Group0Task0AvgR": -175.67642829714336, "_timestamp": 1712291654.0623, "_runtime": 50.67004990577698, "_step": 11, "Group0Task1AvgR": -337.70855504553055, "Group1Task0AvgR": -287.72598861880095, "Group1Task1AvgR": -46.85109008110546}