{"Group0Task0AvgR": -136.2248708283724, "_timestamp": 1712419325.312278, "_runtime": 5.725570917129517, "_step": 0}