{"fair_gap Task0": 85.24519933651436, "_timestamp": 1713386995.3006332, "_runtime": 18.567543268203735, "_step": 11, "Group0Task0AvgR": -153.54178182281873, "Group0Task1AvgR": -248.65279898234647, "fair_gap Task1": 131.28915367781872}