{"fair_gap Task0": 1095.4161262806174, "_timestamp": 1712526057.459824, "_runtime": 282.0575041770935, "_step": 312, "Group0Task0AvgR": 303.77913525807685, "fair_gap Task1": 523.5714254229056, "Group0Task1AvgR": -279.5974747380051, "Group1Task0AvgR": -291.5059738196343, "Group1Task1AvgR": 120.65924582427292}