{"fair_gap Task0": 910.7910828359309, "_timestamp": 1712526105.415283, "_runtime": 330.01296305656433, "_step": 372, "Group0Task0AvgR": 428.40363227013955, "fair_gap Task1": 641.2520489229602, "Group0Task1AvgR": -261.62224018901406, "Group1Task0AvgR": -222.33787201106853, "Group1Task1AvgR": 173.58246445674092}