{"AvgR": 2905.0639952251577, "AvgR2": 3316.825776676574, "_timestamp": 1711511150.8299851, "_runtime": 12934.894490242004, "_step": 8570}