{"Group0Task0AvgR": 685.7432195326555, "_timestamp": 1712432805.543104, "_runtime": 380.61487102508545, "_step": 385, "Group0Task1AvgR": 612.7938716011747, "Group1Task0AvgR": 122.93865985023315, "Group1Task1AvgR": 335.14167556060846}