{"Group0AvgR": 3047.0231038411425, "Group0AvgR2": 1584.7775345088257, "_timestamp": 1711636748.475543, "_runtime": 1443.3351120948792, "_step": 1422, "Group1AvgR": 3459.64426428197, "Group1AvgR2": 3160.339682749812}