{"Group0Task0AvgR": 1796.0233804828001, "_timestamp": 1712283424.537898, "_runtime": 20416.11126112938, "_step": 1841, "Group0Task1AvgR": -300.81933734361445, "Group1Task0AvgR": 1869.3633755641044, "Group1Task1AvgR": -70.43486133906346}