{"Group0AvgR": 79.01747597754454, "Group0AvgR2": -77.75648698233172, "_timestamp": 1711637518.207298, "_runtime": 66.98607206344604, "_step": 55}