{"Group0Task1AvgR": -307.43373113751835, "_timestamp": 1712289827.23201, "_runtime": 632.8175737857819, "_step": 362, "Group1Task1AvgR": -75.3429800514236}