{"Group0AvgR": -209.60334389785325, "Group0AvgR2": -364.55726464184744, "_timestamp": 1711554644.394206, "_runtime": 26.955955982208252, "_step": 23}