{"Group0Task0AvgR": 2691.8930079723063, "_timestamp": 1712290321.93579, "_runtime": 2244.874601125717, "_step": 1435, "Group1Task0AvgR": 2644.9336829315234}