{"Group0AvgR": 39.76179525632188, "_timestamp": 1712174633.162652, "_runtime": 175.32664608955383, "_step": 199, "Group1AvgR": 141.40662793717513, "_wandb": {"runtime": 175}}