{"fair_gap Task0": 26.584163470817202, "_timestamp": 1712859327.644211, "_runtime": 78467.14601397514, "_step": 14427, "Group0Task0AvgR": 1633.939314555454, "Group0Task1AvgR": 1620.0703870413556, "fair_gap Task1": 1741.8043381401642, "Group1Task0AvgR": 1682.413838600337, "Group1Task1AvgR": 1771.8353385969795}