{"fair_gap Task0": 91.54431781471021, "_timestamp": 1713305092.4233038, "_runtime": 12248.142252922058, "_step": 11745, "Group0Task0AvgR": 1770.7314908203798, "Group0Task1AvgR": 1750.3710145431337, "fair_gap Task1": 1191.5036201053485, "Group1Task0AvgR": 1173.0170664998122, "Group1Task1AvgR": 1261.6905770044643}