{"fair_gap Task0": 172.935323976757, "_timestamp": 1713319161.065241, "_runtime": 26316.784190177917, "_step": 17999, "Group0Task0AvgR": 1718.8547065945677, "Group0Task1AvgR": 1646.8676052485307, "fair_gap Task1": 486.54615598773216, "Group1Task0AvgR": 1203.5041141002619, "Group1Task1AvgR": 1223.439856340908, "_wandb": {"runtime": 26317}}