{"fair_gap Task0": 177.39933902866142, "_timestamp": 1712830026.438806, "_runtime": 14723.086701154709, "_step": 2999, "Group0Task1AvgR": -4365.726072524552, "fair_gap Task1": 626.7850288859108, "Group1Task1AvgR": -4734.866309145086, "_wandb": {"runtime": 14724}}