{"AvgR": 4726.96747249558, "AvgR2": 4282.430690424395, "_timestamp": 1711511140.112951, "_runtime": 13024.057100057602, "_step": 9123}