{"Group0Task0AvgR": 4962.516596144463, "_timestamp": 1712429855.931929, "_runtime": 2881.9685480594635, "_step": 1999, "Group1Task0AvgR": 4119.041376069545, "_wandb": {"runtime": 2882}}