{"Group0Task0AvgR": 1594.3680457980406, "_timestamp": 1712383971.16705, "_runtime": 6937.299307823181, "_step": 3999, "Group0Task1AvgR": 822.7775382761922, "Group1Task0AvgR": 1596.462752322882, "Group1Task1AvgR": 926.2356693734454, "_wandb": {"runtime": 6936}}