{"fair_gap Task0": 70.44407216258361, "_timestamp": 1714403006.5033028, "_runtime": 10.124186754226685, "_step": 0, "_wandb": {"runtime": 9}}