{"Group0Task0AvgR": -193.43432614062394, "_timestamp": 1712376207.306626, "_runtime": 61.54248809814453, "_step": 21, "Group0Task1AvgR": -220.508075564607, "Group1Task0AvgR": -283.4848888016317, "Group1Task1AvgR": -44.415996264299565}