{"Group0AvgR": 2809.9405218070215, "Group0AvgR2": 2566.8259552181307, "_timestamp": 1711549384.0462432, "_runtime": 872.7600421905518, "_step": 1100, "Group1AvgR": 2963.0251360144857, "Group1AvgR2": 2455.8301396232882}