{"Group0Task0AvgR": 991.6124329727943, "_timestamp": 1712500627.7118871, "_runtime": 839.2034962177277, "_step": 388, "Group1Task0AvgR": 968.2276754706695}