{"fair_gap Task0": 1297.1174019500197, "_timestamp": 1712794374.287425, "_runtime": 13291.76307606697, "_step": 3621, "Group0Task0AvgR": 2261.3746812268, "Group0Task1AvgR": 2300.6256400039147, "fair_gap Task1": 1469.0937773396345, "Group1Task0AvgR": 2372.8173841045223, "Group1Task1AvgR": 2412.865634630698}