{"Group0Task0AvgR": 478.5701569193554, "_timestamp": 1712362060.68088, "_runtime": 5214.289651155472, "_step": 3999, "Group0Task1AvgR": 1256.981721424856, "Group1Task0AvgR": 918.8937288774176, "Group1Task1AvgR": 1783.1016080011195, "_wandb": {"runtime": 5213}}