{"fair_gap Task0": 166.00835298632987, "_timestamp": 1712433914.7425652, "_runtime": 412.78377318382263, "_step": 1364, "fair_gap Task1": 742.0319526178491, "Group0Task1AvgR": 1522.6204119058646, "Group1Task1AvgR": 1417.5683636161975}