{"Group0Task0AvgR": 323.00279930420004, "_timestamp": 1712285722.9886131, "_runtime": 589.4754660129547, "_step": 334, "Group0Task1AvgR": -308.7729594786696, "Group1Task0AvgR": 303.389561771717, "Group1Task1AvgR": -64.13532668292804}