{"fair_gap Task0": 329.4378068833046, "_timestamp": 1712794308.2332008, "_runtime": 12981.866845846176, "_step": 3246, "Group0Task0AvgR": 2577.7122904372013, "Group0Task1AvgR": 2622.0345897742804, "fair_gap Task1": 893.9441952299962, "Group1Task0AvgR": 1933.2814124480012, "Group1Task1AvgR": 1938.5762092274683}