{"Group0Task0AvgR": 3456.650996604288, "_timestamp": 1712418080.990688, "_runtime": 44643.97260308266, "_step": 9083, "Group0Task1AvgR": 3457.636237952339, "Group1Task0AvgR": 3483.1115271918375, "Group1Task1AvgR": 3483.3086389758855}