{"fair_gap Task0": 661.0815852342649, "_timestamp": 1713399939.554085, "_runtime": 229.77804899215698, "_step": 242, "Group0Task0AvgR": -119.06436843655173, "fair_gap Task1": 742.6873016361557, "Group0Task1AvgR": -306.9267281620595, "Group1Task0AvgR": 381.80635475719606, "Group1Task1AvgR": -752.4337330490212}