{"Group0Task1AvgR": -1620.2406411170787, "_timestamp": 1712245257.0618849, "_runtime": 894.5237529277802, "_step": 853, "Group1Task1AvgR": -1626.0303777756362}