{"fair_gap Task0": 181.55694403403783, "_timestamp": 1712775100.792523, "_runtime": 33.01560401916504, "_step": 23, "Group0Task0AvgR": -172.8722653698822, "Group0Task1AvgR": -210.5158958696834, "fair_gap Task1": 28.9500510943883, "Group1Task0AvgR": -278.746339712853, "Group1Task1AvgR": -220.4366740654309}