{"Group0AvgR": -253.32035194800298, "Group0AvgR2": -377.64376193380895, "_timestamp": 1712009739.9361222, "_runtime": 10.497015237808228, "_step": 3}