{"fair_gap Task0": 962.1491995518409, "_timestamp": 1712859363.954546, "_runtime": 29548.04349589348, "_step": 3791, "Group0Task0AvgR": 2953.133014774345, "fair_gap Task1": 294.5380428866265, "Group0Task1AvgR": 755.7544544401578, "Group1Task0AvgR": 3337.105270928262, "Group1Task1AvgR": 988.8922426651479, "_wandb": {"runtime": 29548}}