{"Group0AvgR": 4531.271171378626, "Group0AvgR2": 3176.8723943750956, "_timestamp": 1711715890.915311, "_runtime": 77220.11707806587, "_step": 20894, "Group1AvgR": 3602.2758234801668, "Group1AvgR2": 3252.8179088585393}