{"Group0Task0AvgR": 2256.358543837696, "_timestamp": 1712286489.3997629, "_runtime": 2589.3573858737946, "_step": 2165, "Group0Task1AvgR": 1500.1446754810122, "Group1Task0AvgR": 2260.6917921479103, "Group1Task1AvgR": 1493.6893300712902}