{"fair_gap Task0": 184.56196386980628, "_timestamp": 1712814784.4445372, "_runtime": 15713.770836114883, "_step": 2999, "Group0Task1AvgR": -5383.519349771289, "fair_gap Task1": 624.5399734292341, "Group1Task1AvgR": -3869.3837554643524, "_wandb": {"runtime": 15720}}