{"fair_gap Task0": 84.26091768705828, "_timestamp": 1712859329.232507, "_runtime": 77967.22840595245, "_step": 13944, "Group0Task0AvgR": 2563.8139522718125, "Group0Task1AvgR": 2702.6306935088282, "fair_gap Task1": 961.0465703072132, "Group1Task0AvgR": 2165.0229634927473, "Group1Task1AvgR": 2195.491501214534}