{"Group0Task0AvgR": 406.82199650663614, "_timestamp": 1712234366.749408, "_runtime": 525.7251451015472, "_step": 565, "Group0Task1AvgR": -1335.331249305654, "Group1Task0AvgR": 533.5986882097357, "Group1Task1AvgR": -1315.6853502712456}