{"fair_gap Task0": 421.8902088235718, "_timestamp": 1714402991.4412, "_runtime": 8541.64731502533, "_step": 3915, "Group0Task0AvgR": 1987.436472648366, "fair_gap Task1": 1557.243535018505, "Group0Task1AvgR": 4686.604439122064, "fair_gap Task2": 5.520850040786058, "Group0Task2AvgR": 203.02673753409468, "fair_gap Task3": 3.806100193090714, "Group0Task3AvgR": 211.8634076201796, "Group1Task0AvgR": 1559.8254619551515, "Group1Task1AvgR": 4525.22629822085, "Group1Task2AvgR": 200.68940647659656, "Group1Task3AvgR": 209.76285038262913}