{"fair_gap Task0": 727.6339964160584, "_timestamp": 1712859331.557377, "_runtime": 78438.21495819092, "_step": 14536, "Group0Task0AvgR": 2013.1863285170323, "Group0Task1AvgR": 1897.607898298763, "fair_gap Task1": 1595.1756426747481, "Group1Task0AvgR": 1710.356683487869, "Group1Task1AvgR": 1690.4526220324647}