{"fair_gap Task0": 0.5209802371022647, "_timestamp": 1714419680.916362, "_runtime": 16551.060245990753, "_step": 6458, "Group0Task0AvgR": 2090.6888583260934, "fair_gap Task1": 0.5209802371022647, "Group0Task1AvgR": 4541.875743329027, "fair_gap Task2": 0.9314292028217324, "Group0Task2AvgR": 211.55338969143006, "fair_gap Task3": 0.9314292028217324, "Group0Task3AvgR": 214.4637732408796, "Group1Task0AvgR": 1466.8266995093786, "Group1Task1AvgR": 4826.579990151408, "Group1Task2AvgR": 209.21718642002435, "Group1Task3AvgR": 215.89898987294674}