{"fair_gap Task0": 486.36196273306746, "_timestamp": 1712859349.856794, "_runtime": 3492.269723176956, "_step": 204, "Group0Task0AvgR": 419.17968711299517, "fair_gap Task1": 431.9966882572803, "Group0Task1AvgR": -143.98326236710255, "Group1Task0AvgR": 591.3280851295538, "Group1Task1AvgR": 35.53671370698387, "_wandb": {"runtime": 3493}}