{"Group0Task0AvgR": -66.24091406848814, "_timestamp": 1712419316.534715, "_runtime": 26.84456992149353, "_step": 18, "Group0Task1AvgR": -269.27333765872663, "Group1Task0AvgR": -295.04634878218286, "Group1Task1AvgR": 15.813556565998418}